CONFIG 32 16 32 2 4 2 4 16 1e-05 10000
TIED 1
SEQ 4
TOKENS 1 5 9 3
TENSOR token_embedding 2 32 16
0.0251928605 0.0547056422 0.00694010174 -0.0183229763 -0.0165715329 -0.142444849 -0.0684064999 -0.241244882 0.0174637139 0.0889558345 0.105581626 0.0914762318 0.0248576216 0.0294493604 -0.0676061586 -0.021401016 0.0893336609 0.04899 0.0821714029 -0.0296275485 -0.0828914344 0.158211425 -0.0690632612 -0.172355607 -0.0526075326 -0.0402464718 0.0260611139 0.132800505 0.139342353 0.0628125891 0.213003397 0.0572099239 -0.000217444074 -0.0270358324 0.0747555643 0.0205434524 0.168884918 0.033332359 -0.0633327216 -0.159008607 0.207120776 0.171383664 -0.137837067 -0.0607177876 0.00702070771 -0.00450058095 0.00944781769 0.175619692 -0.0800493881 0.0997627452 -0.0242766961 0.0348021388 -0.0974216536 -0.100752652 -0.0303786695 -0.204294592 -0.0597885847 0.0321603119 0.0785864741 0.0300586447 -0.0368160531 -0.00266421586 0.16198805 -0.203351006 -0.0965817869 -0.050051704 -0.106050469 0.00201697298 -0.13686274 -0.0929823294 0.0500159264 -0.0164162498 0.0380460657 -0.0459394865 0.0901488215 -0.155758873 -0.0906318128 0.0864695236 0.0207605883 -0.0517470464 0.015382519 -0.0353623368 -0.204203367 -0.114428699 -0.0924336612 0.0855037346 0.0815128386 0.100240909 0.0892871842 -0.059444081 -0.0454299375 0.0026324091 0.0064793122 0.184836075 0.176412418 0.0632001311 -0.00439286046 -0.064906083 0.167378381 0.0436491296 0.112013504 -0.0768815577 0.043430116 0.0862654224 -0.0055244402 -0.0631999224 -0.0556687005 0.0566634722 0.148456544 0.0287496969 -0.0484179147 0.0892980099 -0.11989671 0.0109763984 -0.014682319 0.0377678499 -0.0907052308 0.150398538 -0.0064312662 -0.0186288655 0.159198776 0.0109202657 0.0647090748 0.0661211386 -0.148340464 -0.190419763 -0.0105787478 0.0667022839 0.00195745612 0.209641919 0.0810690224 0.00444380706 -0.0515229404 0.138533697 0.0096001653 0.0495195836 0.0570430942 0.283621401 -0.13560693 0.155033886 0.0512759238 0.0303413253 -0.0310207549 -0.0979436785 0.0359754339 0.133356199 0.0923769549 0.0600348189 0.097803086 -0.0577754825 0.0162048023 -0.0528725833 -0.000483030424 -0.0625119507 0.16898109 0.128636956 -0.0252825543 0.0242413133 0.0318329372 0.00982502848 -0.0843063593 -0.0572035275 -0.0218565594 0.0247087311 0.0640168115 -0.0755821168 0.0380047783 0.0623167865 -0.00394148938 0.0314639658 0.0885572284 -0.0141310673 0.105563812 0.0964995921 0.0764855817 -0.102381147 -0.00337445526 -0.0931753144 -0.0122897755 0.1134957 -0.0314352736 0.00615183404 0.126528129 -0.0138238184 0.129542351 0.195930347 -0.0586857647 0.000324266555 -0.0268440079 -0.189399153 0.0651724413 -0.208104968 -0.0375229456 -0.0520318933 0.0582644641 0.0230625346 0.156008065 -0.00992415473 -0.0719471201 -0.123728335 -0.139641136 -0.164231345 0.0422453918 0.0993669406 -0.0648807511 -0.0523821898 0.168991372 -0.0583091341 -0.161380038 -0.000246278651 0.137232155 0.0640989169 0.0280348454 -0.0228122361 -0.106116474 0.0958756432 0.125436276 0.163060114 -0.00524097355 0.0245189052 -0.076617457 -0.0117478296 0.106494762 -0.16576831 0.0598110259 -0.0570357293 0.0691656396 -0.0160544459 0.205811784 0.14281334 -0.0662538558 -0.143520802 0.00801789667 -0.243398756 -0.0805360451 -0.0665956512 0.052592095 0.149566144 -0.0127868094 -0.0263763629 -0.230330393 0.0175108518 -0.0225083828 0.0201854482 0.0710437894 0.0689223409 -0.0597736314 0.0528671145 0.0867240727 -0.00157340977 0.118632987 -0.125382066 -0.102814801 0.142924994 0.18543081 -0.13388972 -0.032147672 0.052089408 0.0355512984 0.0972712934 -0.0329082198 -0.054781042 -0.0613003112 0.00340747368 -0.0654262379 0.0793028176 0.0757316053 0.0992612392 0.0136664659 -0.0592776351 0.0242714025 -0.0522157922 -0.0692031905 0.050242383 0.0460668355 -0.028031012 0.0275626201 -0.0534164347 0.0624308847 -0.180450156 -0.0846128985 0.0208347701 -0.0324317329 0.025424825 -0.0736811012 0.186108068 0.0672294274 0.000380444137 0.0889383182 -0.00624371786 -0.0569902286 -0.012495663 0.029287478 -0.0915796682 -0.186953977 0.105494551 -0.0960097611 0.0717150345 0.0819503218 -0.125283584 0.00738300849 -0.0633989796 0.0177264605 0.158644676 0.0290583372 0.0159465037 0.146586612 -0.0676813945 -0.070149608 0.0753967389 -0.0576467924 -0.0071443799 0.00503169419 0.0140808085 -0.0885763764 -0.0946557447 0.00607993361 0.0162255839 -0.0481518954 -0.0422457717 -0.0449667424 -0.132182732 -0.0984619185 0.0119267525 -0.132856518 -0.0961500779 0.0135341622 -0.0106279263 0.147852138 0.194732085 0.0815124735 0.0591348745 -0.0626601651 -0.0951970518 0.0333541334 0.0764322728 0.0592674576 0.101709887 0.109834328 -0.0547477603 -0.0788021982 0.0865024403 -0.101606295 0.0075197462 -0.0374386571 0.0489317328 -0.0543062761 0.188120589 0.0849326849 0.187059805 0.122423962 0.0380624197 -0.0243128166 0.068145439 -0.0187148824 0.0682906434 -0.0845879316 0.0205623787 -0.091844216 0.0487430207 0.0746940374 -0.0189918838 -0.131044209 0.0436708294 -0.330640882 -0.0308204517 -0.0781587437 0.0722270459 0.131434292 -0.0293212943 -0.128324166 0.164930582 0.0950193256 0.136672571 -0.168642029 -0.0212975759 0.288939506 0.02009652 -0.0450535789 0.0205949806 0.00146641512 -0.0460730791 -0.162631392 -0.297849059 0.0124387173 -0.0768088624 0.0416452959 -0.10208258 -0.0685382858 0.0611457303 0.047513146 0.10856618 0.0115476046 0.164507031 0.00764703704 -0.040061757 0.036453262 -0.326256782 -0.0373709314 0.145045981 0.141208202 0.0822802037 -0.0204595812 0.022173008 -0.00996961445 -0.0371003859 0.0163190365 -0.00398275442 -0.0279718228 0.0842567086 -0.12537089 0.0543323308 0.182947278 -0.0304492898 0.104777984 -0.0348627456 -0.098282434 0.240814611 -0.0181755424 -0.106477074 0.133880362 -0.0481663011 -0.0200782865 0.284264088 -0.100789703 -0.201041788 -0.0156402886 -0.137146264 0.0940403938 -0.0270270519 0.00507088844 0.0900096893 -0.245085344 0.00206746394 -0.170123681 -0.0342311263 0.0402921773 -0.0558495596 0.109600119 -0.103297591 -0.102411874 0.0842751041 0.0269672498 0.058116667 -0.0500769839 0.00237696711 0.202817202 -0.105244584 -0.0178565551 0.142099455 -0.268273503 -0.076032944 -0.210791454 0.234182447 -0.00389973843 0.0202844962 -0.0836090818 0.0155892139 0.0843801349 0.00671819784 -0.0377457105 -0.0846043155 -0.00709860027 0.10430444 0.206912309 -0.100508496 0.00774594862 0.020843735 0.059285786 -0.0605081394 -0.024337478 0.0712648034 0.0824404955 0.111354284 -0.101886615 0.098482728 0.0585297607 0.114186972 -0.182606056 0.0479472652 0.0504551902 0.0841933861 -0.109680228 -0.170537487 -0.102730878 -0.0583652928 -0.0428695492 -0.0124542397 0.261519521 -0.00101372949 -0.101311043 -0.107512996 -0.0517162234 -0.00434572343 0.0244848635 0.113144927 -0.160713524 -0.0567378886 0.0223345309 0.0908595696 -0.102639362 0.165895507 -0.000130300192 -0.0742310509 -0.107857026 -0.033321619 0.136909381 0.0664398223 -0.0598852746 0.0595482774 0.0120243095 0.063247174
TENSOR final_norm_weight 1 16
1 1 1 1 1 1 1 1 1 1 1 1 1 1 1 1
LAYER 0
TENSOR attn_norm_weight 1 16
1 1 1 1 1 1 1 1 1 1 1 1 1 1 1 1
TENSOR w_q 2 16 16
-0.0724238232 0.0777765065 -0.0806862265 -0.123344533 -0.128810093 0.0236054175 0.0555761941 -0.131570622 -0.137485519 0.0391329266 0.00927833468 -0.184244171 0.00209341175 0.0246435553 0.0499465391 -0.0262578446 -0.0863202512 -0.056648206 -0.100469626 -0.0636102334 0.0584460311 0.22464709 0.0329485238 -0.0506930873 0.246129915 0.134293705 0.0335001424 0.231206432 0.0424433574 0.0189673323 -0.113441154 0.0861976519 -0.0548354425 -0.0190743096 0.0962967649 0.0519668944 0.0976702347 0.0513932258 -0.0149995768 -0.103909291 0.123038411 -0.0645136684 -0.0881608278 -0.00221958151 -0.00492966454 -0.0275448579 -0.065537855 0.0908464193 -0.0570455715 0.126129135 0.0698502734 -0.0111413039 -0.0900494233 0.0401773155 0.0559464768 -0.0924199 0.0790193304 -0.0248624012 0.178434536 -0.096040003 0.0234352872 0.0739442632 0.0504437983 -0.133517206 -0.00723380875 0.0214099083 0.140030876 -0.0178118348 -0.038591966 0.0575066321 -0.0720142424 0.0267134141 -0.116855279 0.058786694 -0.0567391291 -0.180091485 0.0422795229 0.0287688784 -0.0593701601 0.171819836 -0.116580956 0.0549402013 0.146765918 -0.00596847944 -0.0658898056 0.00434096251 -0.0439818837 0.0134299146 0.205108419 -0.116839506 -0.0243400335 -0.0126509154 0.0696016774 0.0306882728 -0.0753439218 -0.00398676796 -0.117853194 0.164513841 -0.000343977532 0.0551669039 0.0779639557 0.0194657035 0.150834143 0.0131745609 0.0585416034 0.00569351343 -0.0788124576 0.177304372 -0.137324423 -0.033144027 0.0491976216 -0.0237042047 -0.178575724 0.259414613 -0.0395796262 0.00769781694 -0.0402772799 0.157610327 -0.114261664 -0.109266363 -0.0928288847 0.0663259551 0.12202625 0.00472569792 -0.0550039299 -0.0393541194 0.0266864281 0.0400599837 0.0879246965 0.0681203827 -0.136876762 -0.0774944052 0.0113260858 0.0281188134 -0.0459982827 0.181350738 -0.0343944319 0.0568655543 0.258773565 -0.0508162789 0.0599003956 0.0796373636 0.073931247 -0.074145779 -0.0813714638 0.0181117654 0.0977765694 0.115216635 0.0527069047 -0.0953260288 0.154212698 0.00220664078 0.0768763646 0.0168969855 -0.0108687123 -0.0757664219 -0.076712139 -0.0408870131 -0.0834605917 0.147779703 -0.0445434414 -0.0564302318 0.0250728 -0.105262175 0.053173054 -0.00619966118 0.0419456065 -0.00826812629 0.120349206 -0.0170871392 0.109917007 0.163880721 0.128952995 -0.0423111208 0.168468699 -0.00991731696 0.0778434202 -0.0348811597 0.0550581627 0.0129380496 -0.00926073268 -0.162103996 -0.180314228 0.104394309 0.153838336 0.0445347466 0.00953412335 -0.0363818072 -0.181466788 -0.0342573412 -0.168240353 -0.068267107 0.194147453 0.177430421 0.0727597252 -0.122199513 0.0200723037 -0.0711179897 -0.16710484 -0.0766397566 -0.00381042855 -0.152388036 -0.00697330479 -0.0426748246 -0.107223623 0.107519783 0.146114856 -0.125653476 0.105241366 0.0424736813 -0.059119042 0.00210464722 -0.197276548 0.124636307 -0.131787598 -0.051792644 -0.0797531679 0.0640669316 0.0954147577 0.0552711226 -0.0565294065 0.123894714 -0.171193212 -0.156859711 0.147825465 0.00214354089 -0.0674212873 -0.0691761672 -0.118970476 0.11194814 0.0907773301 0.132699475 0.0226740651 0.141634732 0.0433077998 -0.145411611 -0.0706181824 -0.0107386699 0.0187858678 -0.0358290486 -0.0679291934 0.160958916 -0.153881237 -0.062884219 0.108277433 -0.184179127 0.177410036 0.088717103 0.0540589169 -0.192785919 0.00585675146 0.0623595528 -0.0165241919 0.00131626753 -0.0508593731 0.235312179
TENSOR w_k 2 8 16
-0.00745209958 -0.0448152348 -0.137868851 0.046133548 0.166782513 -0.188219443 0.00871042442 0.0679297671 0.0548028983 0.18227917 -0.018068783 -0.105148979 -0.00320326537 0.176663324 0.112483054 0.0289139301 -0.00592362462 -0.15555574 -0.229243934 -0.0914854333 -0.0133413281 0.0592001416 -0.0139390863 -0.110027201 0.129198328 -0.089142032 -0.132956997 0.00360820722 -0.149625182 -0.0450688004 -0.0863990337 -0.147735372 -0.0580316335 0.0208946448 -0.00737765385 0.0383154117 0.0412702933 0.0158729758 -0.0737766176 0.127228022 0.0898362175 0.0393788889 -0.0381758362 -0.0213251412 -0.0683887824 -0.0138028096 0.00397954695 -0.169119865 0.0705618933 -0.014398559 0.0674634278 0.223313645 0.0322549604 -0.0250012726 -0.126561642 0.0794551969 -0.117834225 -0.0118206963 -0.0370216183 -0.0315247327 0.0534850471 -0.175241172 -0.00355837494 0.0893461034 -0.016714735 -0.0434029326 0.0832407176 0.100796528 -0.00522706984 -0.0552370474 0.0730358809 -0.0727838725 -0.0259203818 -0.156761497 0.0397634283 0.0635610893 -0.0679288357 0.00235563959 0.101765774 -0.0295049716 0.0252455361 -0.0311709903 -0.0871313363 0.0828689039 0.210873589 0.0777843148 0.201469049 0.180942848 -0.118381865 -0.015693631 0.347202599 0.099330999 -0.0292592589 0.133615106 -0.12380816 -0.0639965683 0.0840238184 0.0554187633 0.0672089309 -0.128691897 0.0376600958 -0.161723986 -0.00384249957 0.0824791119 0.00905515347 -0.160053715 -0.0154589275 8.30013232e-05 0.163861558 -0.155294895 -0.0707595646 0.0261068922 -0.021719614 -0.0375124291 -0.017497085 0.0272241887 -0.0207418725 -0.147153348 0.0928239375 -0.0446044356 -0.137877554 -0.0217173975 0.190303355 0.0311297309 0.0703821331 -0.130714595 0.0825128481 -0.0624441877
TENSOR w_v 2 8 16
-0.355271786 -0.0249124523 0.0458675474 0.164297849 -0.043260131 0.0713917613 0.206332535 0.145931199 -0.1052607 0.136995465 0.215687051 -0.170465678 0.104684144 0.105222233 0.0583135337 -0.0577570125 -0.0652941167 -0.0692807883 -0.0863766968 0.0526343361 -0.119867921 -0.0439900346 -0.030633403 0.0179271046 -0.00655670976 0.0133883506 0.0286284219 -0.00826461148 -0.104034588 0.0632748008 0.101425409 0.106623404 0.054729607 -0.0585208163 0.126924351 -0.21022661 6.24683671e-05 -0.187105 0.0273509808 -0.146357298 0.0633887574 0.0710369647 -0.112821616 -0.11182332 -0.0713445991 0.0398324579 -0.246633053 -0.0168331917 -0.0185186546 0.00330072735 -0.0473107807 -0.119986698 -0.0810222849 -0.0352439433 -0.0196008589 -0.0662507415 -0.0677205399 -0.170601293 -0.0704345256 -0.0501028672 -0.082401745 -0.0122987125 -0.142112419 0.224689424 0.0341319852 -0.158716142 -0.170281753 -0.00792934 0.225422531 0.0229267348 0.0703963488 -0.00381050631 0.162598506 -0.0253537465 -0.0991013125 0.0574445575 -0.191672236 -0.165621534 0.0718717799 -0.0854779109 0.184546441 -0.213261276 -0.0162231363 0.131072581 0.0946912616 -0.0777808875 -0.110464841 -0.0889779627 -0.0446128026 0.0842947289 0.00324540935 0.16174829 -0.102112532 -0.0516544245 0.201556072 0.000971561181 -0.00924670696 0.0230015144 -0.128778592 -0.151459977 0.0202393997 0.00362010137 -0.213614449 0.0298383739 -0.0390557125 0.173313901 0.00117029087 -0.135630548 -0.0855818614 0.162415683 -0.0646059066 0.0390852094 0.0852014199 -0.0689678565 -0.0246268436 0.150412649 -0.0834642202 0.186059579 -0.123589344 0.276054472 0.0707793161 -0.0643222928 0.11565353 0.0458390228 -0.0226490404 -0.144620702 -0.0408880003 0.173280135
TENSOR w_o 2 16 16
0.121604331 -0.0513707437 -0.0739466324 0.151471958 -0.0694590434 0.0511615872 0.220772743 0.211421147 0.0076367138 -0.0456594378 0.00574783143 0.0681544989 -0.0490846522 0.0827784017 -0.0747188777 0.199730083 0.0766591802 -0.116128862 0.00790514797 -0.115009457 -0.113557108 -0.165330544 0.075363785 -0.0807588175 -0.000258898159 -0.0292451475 0.062732935 0.0788705647 -0.166924059 0.23170051 -0.128344759 -0.0286242925 0.0163507443 0.286683917 -0.000713231217 0.0647437572 -0.0330609381 0.128497481 0.124136768 -0.0331738703 0.0487354584 0.0138639333 0.00247365166 0.140758485 0.217101753 0.0954868421 -0.122504495 -0.0193929467 -0.0626448318 -0.106346905 0.00436991965 -0.0988413095 0.127603173 0.125058591 -0.0722999349 0.0842320323 6.1539693e-05 0.00970436167 0.0113095781 0.108840056 -0.050799679 -0.16140233 0.266364872 -0.0656600595 0.0601188838 0.0243867226 0.0256247204 0.0528275706 0.0619209148 -0.0226494949 0.0332891122 -0.0227439385 -0.0373702794 -0.012453611 0.0741479769 -0.0670362636 -0.0348810144 -0.0283086374 0.000483383395 -0.0341190696 -0.0564511456 0.0395535342 0.23578842 0.0893979594 -0.116501562 0.0686879531 0.0509223044 0.114683874 0.13086009 -0.109361336 0.106285356 -0.00400877697 -0.00972994231 0.0599617995 -0.0278639328 -0.0879371986 0.124543607 -0.0789266303 0.0541811809 -0.117584154 0.0318835415 -0.0775687397 -0.0821177065 -0.0297286473 0.116786093 0.0121216867 -0.00695646368 -0.157653525 0.0543218106 -0.0583509542 0.118755102 0.154285297 -0.024022337 0.0760191157 -0.173514456 0.0477653928 -0.0217741709 0.0690882877 -0.222393796 -0.0495332554 0.0416574329 0.147029012 -0.0275428668 0.0558517985 -0.0362156406 -0.0397711955 -0.165696204 0.0261947587 -0.0570487827 0.103223659 -0.138601467 -0.0563180558 -0.107881747 0.163654774 0.186163843 -0.00057039375 -0.0237423535 -0.00123699429 0.019705262 -0.100584023 -0.0725057945 -0.0202991962 0.00805010367 0.076926209 0.0350639932 0.0784934759 -0.06602709 0.0256216601 0.220708579 0.143194318 0.00602640165 0.0819607899 0.0658671334 -0.0778691471 -0.161154017 0.0248710345 0.0154037327 -0.0932599083 -0.0133850267 0.0908230245 0.112498224 0.123329408 -0.00873441156 -0.0452773161 0.226439834 -0.129725829 -0.139048174 -0.195540756 0.0589791276 0.146700963 -0.0470058769 0.0607720762 0.0129311737 0.0423787311 -0.0504162721 -0.112384632 0.0371396877 -0.177775741 0.0850488767 0.0597813614 0.0416867286 0.0468080826 0.167933911 -0.08816728 -0.0507199094 -0.0871977434 -0.10320925 -0.0240898337 -0.0204247367 -0.0348645635 -0.0107494732 -0.179943815 -0.105837375 0.00221219612 -0.0355433114 -0.0185173173 -0.0780274868 0.0677582473 0.0522408187 0.0683471411 0.0243758429 0.182250246 0.160411522 -0.116887704 0.00137747219 -0.00726569211 0.014447825 -0.0987336561 -0.00375091168 0.042396076 0.0881860405 -0.0588976964 -0.115176708 0.00946988724 -0.110313252 -0.135987461 0.0250521917 -0.0443528593 0.189384311 0.0299011115 0.0883431807 0.0581721067 0.0593268648 -0.0387376286 -0.189085156 0.0738784 0.152477577 -0.109335467 -0.00076944218 -0.0115798218 0.0741347373 -0.0489727855 0.0879107639 -0.0848408788 -0.139971077 0.0411262698 -0.128128886 0.00980656873 -0.0876964331 0.183564559 -0.166557655 0.207942441 -0.075990431 -0.00657161698 0.057916034 0.0845374316 -0.0461237468 0.0119609237 -0.0258754361 -0.0659893528 0.0396571048 -0.0728613958 -0.149950519 -0.121480606 -0.205634728 -0.089274548
TENSOR ffn_norm_weight 1 16
1 1 1 1 1 1 1 1 1 1 1 1 1 1 1 1
TENSOR w_gate 2 32 16
0.0780224875 -0.0615052879 -0.00308614154 0.0420859158 0.0458709933 0.0504840352 0.252691001 0.0410338379 0.134925306 -0.0504435413 -0.0646792427 0.0360309891 -0.0649506897 0.365819603 -0.0845927522 -0.0324553438 0.119740538 0.0275599342 -0.0118282055 0.0134100243 -0.0274082758 0.0521728657 0.0374391563 -0.0746835768 -0.0750754476 0.0182853788 -0.26124692 -0.0475541055 0.0194798894 -0.0730211362 -0.00269133272 -0.00321429526 0.0328331552 0.00100544188 0.00274970802 -0.13271901 -0.00704082521 0.0217293203 -0.0841862336 0.173671693 0.0585855357 -0.0874676108 -0.0145441601 -0.197755918 -0.163597211 0.111625306 0.0275713708 -0.115319058 -0.0239256658 -0.126915932 -0.060029719 -0.106001705 -0.034187723 -0.114393272 -0.0126315849 -0.0454551093 -0.135127157 -0.0591899119 0.0512463003 0.0915905759 0.0224282742 0.116793334 0.0915123224 0.0238944814 -0.0497788228 -0.0738519952 -0.0765562728 -0.00073019386 0.0677561313 -0.176674441 -0.0988865495 -0.205046058 0.0087166531 -0.0230019595 0.0125532532 -0.0738545135 0.0508919507 -0.15955776 -0.248221517 -0.0280340966 0.0345241725 0.130644858 -0.0327890404 0.0877685249 -0.0127423964 -0.0839636922 0.134875819 0.0747438073 0.0373351425 -0.0048788758 -0.0731093884 0.0259802993 0.160143688 -0.0188950989 0.133502364 0.0419337228 -0.0201513469 0.00918852165 0.0784795284 -0.0841465443 -0.0218066499 0.0739065483 0.0305874888 -0.00846073125 0.0897485018 -0.108403109 -0.0231154338 0.201332614 -0.0965676904 0.0888869911 -0.0218220484 -0.184781536 -0.195741087 0.124975629 0.0766621828 0.113347068 -0.0977195427 -0.0815269575 -0.0103273094 0.0669322461 -0.0439430363 -0.0647662356 -0.0247649085 0.0642443374 0.199873269 0.0378796943 -0.0886108577 0.0213981308 0.10237617 0.0696349815 0.00800396781 0.0498942882 -0.0855607912 -0.0486101955 -0.143147334 -0.0802741051 -0.0618936829 -0.0388206355 0.0161020812 -0.0519610681 0.0643539503 0.13878724 -0.0791582689 -0.171913311 0.0351282023 -0.0544173345 -0.151986212 0.0939913243 -0.0293398723 0.0536252521 -0.0223512221 -0.119845927 0.0602951162 -0.211508438 0.00546879461 -0.170028374 0.0293428991 -0.0697764456 -0.0807172358 0.0496637337 -0.0992167667 -0.038884379 -0.149197653 0.115810066 -0.156486407 -0.0740989074 0.00244856975 0.211964518 -0.10856989 0.00350439083 -0.0636583716 -0.095105432 0.0888946876 0.000656989927 -0.0359620489 0.0752795115 -0.152192682 0.0244157538 0.12760447 -0.0270823073 0.0358405076 -0.103256345 -0.128426701 -0.0248201136 0.108492278 -0.133490294 -0.0838912427 0.0765848309 0.0510729104 -0.141637132 -0.0123343514 0.0183985643 0.154091865 0.0385190733 0.0849615112 0.0518595912 0.0981383398 -0.0390870981 -0.108679429 0.113466606 -0.0245834962 -0.0697190464 -0.0969857574 0.0683134347 -0.0774453282 -0.0299075451 0.111076131 -0.0209446829 0.060479451 -0.0015014573 -0.0799741223 0.030147247 0.0517677665 -0.026165707 0.0269978642 -0.123612002 0.0846326053 0.101408236 -0.135011196 0.114843272 0.0942111537 -0.0671163723 -0.030140182 -0.0240546297 -0.0866006687 -0.0115632713 -0.164206997 -0.132414535 -0.0362066925 -0.133655474 -0.0173485428 -0.106225632 -0.0463685282 0.202934846 -0.00811242405 0.18387568 0.0798062086 -0.133448511 0.0951950997 0.0303085465 -0.0424122773 -0.00172077585 -0.142334655 -0.202500388 0.0853480026 -0.116466902 -0.0707394406 0.0272461139 0.0305937529 -0.0502755828 6.44305983e-05 0.0403379761 0.00129596342 0.0958138034 0.049079679 -0.00594861154 -0.151572555 0.0620815456 -0.00194408547 -0.0371190049 -0.113094196 -0.125370815 0.00354120182 0.179666892 -0.0241288729 -0.0909075141 -0.064115122 -0.000579628046 -0.020175606 0.00139162247 -0.0454411991 -0.0398417078 -0.116765216 -0.0390150025 0.0824226141 -0.0788418651 -0.083806552 0.171940267 -0.0690435246 -0.135029525 -0.067322962 0.0736953467 0.0335078165 -0.0223854072 -0.0101496028 -0.075594157 -0.0983059257 0.0871824846 -0.0552256964 0.0732432604 0.134185642 0.0213177837 -0.0676869228 -0.170945033 -0.0694514364 0.0306483246 -0.0943611488 0.123516254 0.117558032 -0.0646203384 -0.0257418081 0.159103513 -0.102247708 -0.0671574026 -0.0288359281 0.0569851026 -0.248796999 0.189086273 -0.0753588974 -0.00199383264 -0.0053421394 0.0896464437 -0.0671784878 0.175374687 -0.0298702661 -0.0236223321 -0.115433827 -0.11854735 0.0227984637 -0.0443766229 -0.0212549362 -0.100158416 0.0945015848 0.0131692914 0.0300319549 0.00302392989 0.15822567 0.10462112 0.176935732 -0.00392090296 -0.161936194 0.0795716047 0.0179969128 0.028029127 0.0592423603 0.142044634 -0.0489076562 -0.0314261727 0.216040894 -0.118740469 0.00114630733 -0.0154452743 0.0381075777 -0.123791523 -0.130723238 0.0364015996 0.163987651 0.0124081774 0.108731911 -0.0369411297 0.121365182 -0.0477856919 0.0531269424 0.00497194845 -0.0251436029 -0.135848328 0.0811866894 0.0118348077 0.114035837 -0.0511634611 -0.0761988983 0.00168736256 0.0825480819 -0.0388057381 0.0418348163 -0.00254367455 -0.0924358889 0.0370529257 0.0502133518 0.0113578113 -0.0187162645 0.0599064529 0.045441024 0.132759973 0.0506147109 0.235744491 -0.202070296 -0.0463509709 0.0476018675 0.0243736077 -0.0487154685 -0.0424342044 -0.024739014 -0.0936436877 -0.116607577 -0.140938148 0.112462007 0.179135263 -0.14376393 -0.0262948498 -0.128345713 0.169721678 0.0655889288 -0.0588027574 -0.00674911961 -0.00231985468 -0.257773131 0.0439640209 0.0954151005 -0.174654871 0.0340201184 0.030243272 0.0973692238 -0.100996636 -0.055968266 -0.0970865786 -0.0182325225 0.0385081209 0.0266966652 -0.0434216969 -0.114653297 0.0989729539 0.20581454 0.124333292 -0.00120927359 -0.199976116 0.0530820861 0.132492289 -0.180935398 -0.0704835504 -0.150229022 0.1270798 0.00468440121 0.0721062794 0.0185562279 -0.00681740651 0.063279368 0.113109589 0.0665402859 -0.16705209 0.0318976045 -0.218585685 0.100888819 0.0101111969 -0.384379178 -0.0245148949 0.121643648 -0.0626483709 -0.0596248619 0.12128526 0.043379277 -0.106280267 0.0516186655 -0.0883318111 -0.111362725 0.168121397 -0.090460524 -0.060734015 -0.0813788697 0.0513770655 -0.175826862 -0.0239466857 -0.00389983132 -0.129839972 -0.150128737 0.0400632173 -0.136778787 0.0607209653 0.133307174 -0.152857125 -0.0689387172 0.0293719023 0.0940530747 0.0320931226 0.106230929 -0.0681086555 0.146547288 -0.0619558021 -0.0907587856 0.107070535 0.136052564 -0.109900825 0.0813465491 -0.202807486 0.106401615 -0.0195509009 -0.0164140016 -0.0939934328 0.0497960337 0.0437802859 -0.0980955735 -0.056726899 -0.10233099 0.0158021022 0.0365088619 0.0533124842 -0.0869780928 -0.10087765 0.0974606648 0.0854292512 -0.13286218 0.0395736657 -0.0844790787 0.0325486995 -0.0668185055 0.0857098848 0.0418236963 -0.198415071 -0.0530183353 0.106898665 -0.00372073567 0.0677416697 -0.0421951823 -0.0135653624 -0.104557343 -0.242919311 0.171833813 0.00866840873 -0.0440244451 0.0713253096 0.0054807337 -0.0244329106
TENSOR w_up 2 32 16
-0.0783738494 -0.245922744 -0.0795083269 -0.0729932934 -0.0608495511 -0.186052516 -0.0705927983 -0.0298201516 0.050610058 -0.0269164816 0.0283332728 -0.0589165278 0.0466776863 -0.0601348504 0.198020682 -0.0250657331 -0.0506962091 -0.0632866621 0.0559070408 -0.0254810769 -0.0612164512 0.0130305374 0.0701593235 -0.0487460457 0.123950318 0.0202604569 0.035474278 -0.17759946 0.120606199 0.0962762609 0.00498218043 -0.177149728 -0.0637358055 0.0216683857 0.156643704 -0.0411030166 -8.95299381e-05 -0.00599778583 -0.0570259653 0.0542724654 0.0580744185 0.121180117 -0.114311665 -0.1000119 -0.103605099 -0.104943223 -0.0761726201 0.0323792994 0.0240292791 -0.0615937784 -0.032779187 0.0963164195 -0.0632835403 -0.111169197 0.0184972249 -0.00959493313 0.0626348406 -0.0295666158 -0.0358013548 -0.0485564359 0.150428504 0.129784271 -0.0749869421 -0.126351029 -0.0644889399 0.0871015638 0.171407729 0.149679706 0.0753634572 -0.206142828 0.0970844999 0.00725343544 0.0458240025 -0.00562211126 -0.0547406189 0.0821982622 -0.15358223 -0.0268458761 0.0350718834 -0.20774661 -0.158558428 -0.00127638038 0.0421665087 -0.0830688179 -0.0352088287 -0.0650939271 -0.139652655 0.026582079 0.0979067311 0.100956514 -0.0523938946 -0.0198020618 -0.0594112761 -0.123309642 -0.0302257836 -0.0133087216 0.00860328414 -0.117078446 -0.137142614 -0.0162128992 0.0135364048 0.165529251 0.0481347889 0.0836798698 -0.0662924871 -0.113354884 0.0103505636 -0.0890842825 0.0784351006 0.135754213 0.131694376 -0.0935144201 0.196403354 0.126301989 0.077710852 -0.0966241285 0.046177797 0.119585186 -0.0412099436 -0.0483170226 0.0454301052 -0.0208643451 -0.0295591187 -0.0262532793 -0.0295298621 -0.023190571 -0.141615182 0.0870766938 -0.0551233329 0.161889657 -0.00673321448 0.0551935695 -0.0315491557 -0.125049725 -0.0120898094 0.172193438 0.0416995063 -0.132573262 0.177024633 0.0462208278 0.0451533012 -0.0466139987 -0.0934269205 -0.0224957317 0.106997453 0.0455365814 0.0150555577 0.0602306724 -0.104979545 -0.0994222611 0.0511921681 0.0491559319 0.00965141039 0.122963309 0.0594461896 0.0655659735 -0.163710117 -0.0199837089 0.0774048716 -0.062206842 0.0344651677 -0.0180691034 0.207554772 -0.0170926917 -0.0247341488 0.139036655 -0.0648531094 0.131506234 -0.0078758616 0.154322729 -0.221215963 -0.144454971 0.0401843302 0.0748484507 -0.1280213 -0.117552593 0.0896468163 0.045046702 -0.0256403573 -0.165187761 0.0104484921 0.146024093 -0.0890060365 0.0171254836 -0.145691752 -0.044011116 -0.00805205666 -0.100380287 0.152549759 -0.123663202 -0.012119404 -0.0444516428 -0.0167723726 0.0129844006 -0.00277672196 0.00181500753 -0.191052094 0.0528007634 0.088516131 -0.0743756369 0.131672278 0.00537825748 -0.0491966009 -0.0864646956 0.109765217 0.0505961962 -0.0164639372 0.10093604 -0.0606654659 -0.0357422158 -0.0132820625 -0.0252291355 0.0432311818 -0.0129406396 -0.168622106 -0.0227054469 0.0595675595 -0.111730456 0.11589846 -0.00706878211 -0.116376117 -0.174516141 -0.0277511366 -0.0106750224 0.00791085698 -0.141153187 -0.185779259 -0.0404372588 -0.0756835416 0.0991005152 -0.149149075 0.232287601 -0.0973654091 -0.0417766534 -0.233924285 -0.2002009 0.042236045 0.208277985 -0.123463586 0.185977489 -0.0709867626 0.024361331 0.0912468061 -0.0344671048 0.0519137494 0.129219979 -0.00203422108 -0.0791880637 0.0705031008 0.0597583689 -0.00696157012 -0.111910343 0.00269451039 -0.139771864 -0.00177085516 -0.0767662823 0.0770618021 -0.148561329 0.0601989217 0.0707844645 -0.0628745556 0.144836724 -0.0106021361 -0.172991484 -0.0684467554 -0.0377402641 0.0658215806 -0.220592692 0.09217906 -0.0330016278 0.13528277 0.188967928 0.080235675 -0.129282445 -0.0923301056 0.0471168645 -0.0582525693 -0.163985029 0.0139972763 -0.0587146357 0.0101003489 0.0633138046 0.090453364 0.00873385649 0.129661575 0.0395326316 -0.0644635856 0.0755926296 0.0445533134 0.10635595 0.013750135 -0.0545275286 0.0115012713 -0.0420733765 0.00272117276 0.121385537 0.198084027 0.107811287 -0.0401405543 -0.0253381953 0.0377796106 0.0316763707 -0.123388216 -0.228165925 -0.0540207922 -0.107624769 -0.0909206122 -0.154724464 -0.0420376547 -0.00417472236 0.0473827422 0.0394477174 0.0107633527 -0.025331473 -0.14621304 0.151761204 -0.0684042647 -0.0828390345 -0.0528636649 0.102969393 -0.0198825337 -0.112088382 -0.0593552999 -0.0742556751 0.122628234 -0.0442707352 -0.0711102784 -0.0323409662 -0.150074199 0.0311911777 -0.0902760327 0.177790806 -0.0289360881 0.153234378 -0.0716280192 -0.160013735 -0.0197786447 0.0354662687 0.0993564501 0.0819438472 0.113793723 0.0646119192 -0.119852193 0.0713457987 -0.0563322753 -0.0621734932 -0.0667004064 0.0880845934 -0.0861237869 -0.135634765 0.0817553997 -0.0558583774 -0.0766780227 0.142892674 -0.154037714 -0.000880098261 -0.180814773 -0.00956765097 0.0358243585 0.0797192976 -0.0203816518 0.0200217478 0.115204163 -0.107220553 -0.0581236221 -0.116864562 0.0330724306 0.0384008139 -0.174107522 -0.00822414178 -0.0620450266 -0.105765052 0.00176902045 -0.130545229 0.0520265773 0.117377296 -0.0443512127 -0.168363169 -0.0367602929 0.0216116495 0.0993958712 -0.0277691111 0.106301948 -0.00360132987 -0.0558104999 -0.0524272919 0.0345422998 0.0823225975 0.0326750726 0.0821049586 0.034648709 -0.129446551 0.0873711631 0.184416711 0.0334740467 -0.127899274 0.13640976 -0.0870071054 0.048744075 0.0696783662 0.0737919211 0.0266294628 -0.148658469 -0.0800737739 -0.0140348766 -0.108902924 0.105856448 -0.181006595 -0.166620076 -0.0876012221 -0.0890844166 -0.00198554038 0.0964443684 -0.0798994824 0.0360222086 -0.0310624894 -0.0252581444 -0.0263162255 0.0973988324 -0.00623519719 -0.026756905 0.0440264754 0.0688348413 0.166788667 -0.00156888133 0.00263814116 -0.149259314 -0.239319593 0.108523645 -0.039149601 0.189551637 -0.191845909 0.209427595 -0.0396778211 -0.0303977206 0.147239119 0.0352938473 -0.0957411528 0.0663693994 -0.0353854708 -0.208870262 0.0686072558 0.058096543 -0.00105390383 0.112615883 -0.0939279646 -0.0087026516 0.0756697208 -0.069366768 0.00909332279 0.106653444 -0.0434045866 -0.0224844664 0.111359879 0.133237958 0.000461632619 -0.0839931667 0.0928637013 0.0369604416 0.0294162985 -0.101724185 -0.0072682579 -0.0156952739 -0.0298535135 -0.0672811493 0.102957085 -0.0318362676 -0.236756459 -0.0620981529 0.100086145 0.0252595451 0.0408556573 0.00666918419 -0.0798819065 0.0288636144 0.0734939054 0.0111256018 0.0821187124 0.0224664677 -0.0627367571 0.0979288369 0.0778783858 0.106025897 0.0349051058 0.142295763 0.10744743 0.00593162049 0.00433795387 -0.0126702311 -1.75431669e-05 -0.0554322675 -0.044278305 -0.0281578377 -0.00562848663 -0.072589837 0.0471145511 -0.0442873202 -0.00952764228 0.0313914157 0.00732530886 -0.014513324 0.044396352 0.280874938 -0.240048677 -0.0361437239 0.0164863486 0.0133838644 -0.139963657 0.0974529907 -0.0486368239 -0.1357878 0.0241404716
TENSOR w_down 2 16 32
-0.155366346 -0.022244757 0.00138821441 -0.126364797 -0.0970056504 0.135387734 0.117277607 -0.114498042 0.128442794 -0.127249569 0.064050056 0.0476524867 -0.0660706162 -0.141319126 -0.0371993147 -0.00575684058 -0.0178591162 0.0408391878 0.01854687 0.108940475 -0.0479054675 0.0208063051 -0.19956632 0.0237685014 0.177097812 -0.0255666953 -0.127069265 0.149745256 -0.0411339067 -0.20755291 -0.254891515 0.070222348 0.231425822 0.172248602 -0.040941 -0.0310121719 0.0118788481 -0.119874358 -0.0808134004 0.0326035842 0.0225606579 0.145854026 0.0242221709 -0.0393678173 0.0531530827 0.110804819 0.284215957 -0.0147774536 -0.0376702547 -0.0140048862 -0.205450475 0.0371904559 0.06042061 0.160656407 -0.0129258372 0.00276703946 0.167338476 0.0132586379 -0.0386749394 0.0224235561 0.113042071 -0.0735722482 0.0821688622 -0.057846196 0.0197205637 -0.193005294 -0.109784789 0.00423749397 -0.0303014908 -0.124436207 0.186288163 0.0914524794 0.025799932 0.0938174054 -0.0457518734 -0.171631679 -0.115659066 -0.00686151022 -0.00564607047 0.0563900098 0.0480333008 -0.1049252 0.0919158012 -0.0520112552 -0.0744418278 0.0241948273 0.0856969953 -0.107618883 -0.00476908637 0.0844471753 -0.042801857 -0.124021925 -0.0452137403 0.0565571673 0.0176243838 0.0330150872 -0.0106427809 -0.147547528 -0.0393702686 -0.0528657585 0.12109872 0.0788106695 0.115395024 -0.101295494 -0.110741824 -0.0804747269 -0.0819965601 -0.0492854677 0.0105863204 -0.06488657 -0.18468079 0.00145266415 0.0963367 -0.00906275492 -0.0945224017 0.0201126654 -0.101551369 0.113999948 0.000191304323 0.211362675 -0.0107517801 0.10931275 0.110276863 0.0870881006 0.24100557 0.0726946071 0.0769098625 -0.0288318433 0.065826118 -0.0472558849 0.176117331 -0.0209158361 -0.161638126 -0.000642876141 -0.10806556 0.106194615 0.0224820189 0.174413949 0.0246922337 0.0996407494 -0.030298803 -0.152521178 -0.0160146728 -0.185905293 0.129581049 -0.119433448 0.0602710955 -0.14603205 -0.101343036 0.0224517491 0.0038096942 -0.143804893 -0.0102329226 -0.0152382599 0.0416622497 0.00600861432 -0.0797625259 -0.0655183196 -0.0516813062 -0.028264828 0.00821184646 0.197871953 -0.0857512206 0.19435361 -0.0122012775 -0.122906677 -0.0161713324 -0.0266629234 -0.0226718076 -0.0756220296 -0.177751437 0.0328793675 -0.0345685817 0.0825397372 -0.28536281 0.0460188203 0.0498192124 0.0794219226 -0.02869929 0.0863395184 -0.0460498519 -0.057068944 -0.150989324 -0.141655505 -0.126833647 -0.0298166815 -0.138336316 -0.0536577515 0.026446946 0.0314259678 0.0148687614 -0.097888194 0.00754441554 -0.0430068411 0.000346342538 0.0947996601 -0.0534510687 -0.0179493669 -0.0592934005 0.0740374327 0.00273073674 -0.210699603 -0.0774285719 0.0569599755 -0.0149911745 -0.0324608646 -0.0490885116 -0.0483632348 0.0143859843 0.13060841 0.090642117 -0.148320243 0.0254604127 0.0184835065 0.171547577 -0.0493972041 -0.0683938786 0.0419374444 0.0622594506 -0.0866140574 0.0590563156 0.0237067863 -0.186315328 0.15520972 -0.0216967799 0.0719226375 -0.0794194341 -0.0599914715 0.00599597581 -0.0276738778 0.107984513 -0.129379779 -0.0533061102 -0.0118891289 -0.164741531 -0.0506069399 0.029118197 0.0908393338 0.121251091 0.0356533863 0.0440234914 -0.131386906 -0.0477547832 -0.103242129 -0.0549083874 -0.0334015638 -0.0236155894 -0.023458533 -0.0808638111 0.0782073885 -0.102768011 -0.01612092 -0.160615012 0.276710331 -0.102930859 0.0883660614 -0.123143286 -0.0387732163 0.201069683 0.0502130389 0.0555518568 -0.0317767449 -0.0654805973 -0.213076502 -0.0379883572 -0.00256007281 -0.110342331 -0.143238932 0.0333089717 0.195994988 -0.201790199 -0.0665103346 0.108560771 -0.0580443628 -0.0798852593 -0.0829628631 0.137953013 0.0735098347 -0.0990056768 0.235432714 0.0628207028 0.188947469 -0.209528133 0.111465074 0.108498141 -0.00925801788 0.0815343633 0.0884822384 -0.0900528058 -0.141269058 -0.0822865888 0.0512798391 0.0859903619 -0.000470813102 0.0324121974 -0.117508806 0.0973912701 -0.0421800688 0.0135846408 0.0596719235 0.0115193594 -0.0019573553 -0.00687710056 -0.0275384635 -0.0923150256 0.102694169 -0.141186669 0.134534881 -0.0353907235 -0.0577421859 0.139149934 -0.00884934887 -0.0672649294 0.0207553823 0.131702721 0.184607387 -0.0960948467 0.0432172455 0.0279646758 -0.109547891 0.0345078669 -0.0143956067 -0.151714027 -0.02836008 0.199775472 -0.119454019 0.0592860803 -0.0833927318 0.0877420157 0.090518102 -0.0649972931 -0.133386582 0.0539877266 -0.0880118832 0.0738981292 0.00619793683 -0.0102961212 0.15456003 0.116150536 0.0853841752 0.103354856 -0.101916283 0.1398018 -0.048387561 -0.0739481077 -0.0779427662 0.174456462 0.10946399 0.0118055241 0.114178568 0.0269252118 -0.187139526 -0.0659794435 -0.00508709718 -0.0225934107 0.0334756747 -0.00544636417 -0.0778040066 0.116753161 -0.129625082 0.000555299746 -0.0501062423 0.0248026494 -0.00559660187 0.0759217888 0.000765379285 0.1620958 -0.118809819 0.0895498171 -0.20540604 0.0916631743 -0.176361486 -0.0866924599 -0.0130164744 0.0215552133 -0.235493019 -0.0105532492 0.210454911 -0.00200944045 0.0809647366 0.125597373 0.0350723118 -0.0759871751 -0.03317165 0.077343531 0.186010331 0.232460737 -0.164449424 -0.131076083 -0.053169556 0.0449375212 -0.0146963857 -0.104466856 -0.0532137081 0.167875931 0.0524005853 0.036757499 -0.0194510836 -0.0253246278 0.217854023 0.173082918 0.0289009362 -0.160127655 0.0142667247 0.0545104071 0.0344143175 -0.0831679404 0.0969554931 -0.166104391 -0.0340401977 0.0173491519 0.0453740247 0.0671842843 -0.12214838 0.0575458556 0.0458074287 -0.061251156 -0.0232413765 0.0398158878 -0.131132156 -0.0197210293 -0.0481440425 0.0345723853 0.0289097764 -0.0797600299 0.0920844451 0.0249303821 0.103424646 -0.0724464953 0.00718525797 -0.0272287801 -0.162393838 -0.0787357837 0.00751549285 -0.114591405 0.118078053 -0.0342480391 -0.145578876 0.0157650709 0.0300031044 0.0478260741 0.0270981509 -0.107970648 -0.0734209791 0.0836747885 -0.13092339 -0.0631403029 -0.0897933096 0.0844303668 -0.196402803 -0.0120686488 -0.0187261291 -0.0264861044 0.195294976 0.137026131 -0.192088574 0.0163684152 -0.138717458 0.0688113719 0.133361459 0.0247863252 0.000248685537 -0.0265605301 -0.140656278 -0.027902279 0.00717377476 -0.0588823743 -0.14073813 0.0574484132 -0.0142870126 0.0781774372 -0.0962758139 0.025496142 0.109173156 0.283224344 0.0115438215 0.132338136 -0.137436554 0.0537771471 0.0201867893 0.0338983871 0.0720303804 -0.101251453 -0.0601849183 -0.162736386 0.0324806981 0.11408852 -0.00694954488 0.137516618 -0.115825504 -0.0285781827 -0.0518123507 -0.0695375577 0.0100114206 -0.162660509 0.0137275187 -0.154017344 0.0257828999 0.00182785385 -0.00340298074 -0.0837669373 0.0578574054 -0.0327253565 -0.0979470983 0.0615481548 -0.0201649051 0.138943031 -0.0121603347 0.134467661 -0.076415427 -0.0090936115 0.00615028525
LAYER 1
TENSOR attn_norm_weight 1 16
1 1 1 1 1 1 1 1 1 1 1 1 1 1 1 1
TENSOR w_q 2 16 16
-0.0686698928 0.0313335918 -0.0548334122 -0.105168566 0.0443382449 -0.0691350847 0.0625581071 0.0668923184 0.000457264221 -0.0565295182 -0.127775282 -0.0313456133 0.129291594 0.0604264885 -0.0582589954 -0.103816457 -0.0693664774 -0.0480842553 -0.0546162054 0.172342226 -0.0603972897 0.0217374731 -0.196935058 -0.026447406 0.0229540542 -0.114253029 -0.194013938 0.032805793 -0.0110434918 -0.0562209263 0.00654586963 -0.0410596766 0.0669356361 -0.083337523 0.00604798086 -0.0984464735 0.149107471 0.0853341594 -0.106518276 -0.225932345 0.140064687 -0.157085627 -0.056400273 -0.0352195464 -0.155716285 -0.00391434785 0.00511411764 -0.0832686797 0.0455434099 0.0615050234 0.136705622 0.12397854 -0.000992828398 0.0428116545 0.0294847898 0.0128558129 0.0149700502 -0.0396419689 -0.23636584 0.0357605927 0.0566566512 -0.0806440338 0.135578901 -0.0117856506 0.172895759 0.124261886 0.129033133 0.169487968 0.0411047153 0.164417133 0.193878859 0.158397451 0.240645304 -0.0247632116 -0.0716939792 -0.0144244218 -0.0983191803 -0.016937349 -0.087852858 0.0568074137 -0.0981998146 -0.0965701863 -0.162717715 -0.00380394026 0.0209729746 0.0671437234 -0.149818674 0.0403686613 -0.0905393437 -0.0257363562 0.0367448293 -0.0515493639 -0.00190642674 -0.0457724668 0.0383048393 0.0963284224 0.024614729 -0.00479853153 -0.100680597 0.0879741386 -0.140240178 0.0104549713 -0.0675652698 0.00655108038 -0.0283518825 0.0976799726 -0.0888365284 -0.0710128248 0.151814491 -0.0381718352 -0.221253231 0.0352266133 0.00730958302 -0.107567109 0.0590077378 0.0413675308 0.080076009 0.139207393 -0.0874840468 0.139752284 0.146469012 0.068487078 0.177110806 -0.118069403 0.0822821185 0.0832089782 0.0556938685 0.11457298 -0.0947106257 -0.0460849255 0.0435407124 0.0849700347 -0.0819929689 -0.122233994 0.0620948449 -0.0618684664 0.164229915 -0.0829761848 0.0460457616 -0.0945989266 0.00765433442 -0.0774397701 0.128709108 0.0269290395 -0.0319385268 -0.00820640754 0.0625752956 -0.0707315281 -0.0735760853 -0.095845513 0.12904726 -0.112745114 -0.0339313447 -0.0468247086 0.00654078461 -0.0149763729 0.116166599 -0.100203052 0.092036061 0.00892816577 0.034377221 -0.0247888006 0.0184159651 -0.043025773 0.0684334487 -0.179990843 -0.0549993701 0.0812130123 -0.0835545138 -0.150807068 -0.00909785647 0.00293900492 0.013179753 -0.00815987214 -0.0254796371 0.045954816 -0.0220943391 -0.0356804542 0.0775855258 0.0986778438 0.0284975413 -0.03662147 0.0369152874 -0.147543505 -0.0242257454 -0.00695595006 -0.047815226 -0.162478328 0.00997876376 -0.045598682 0.204137459 0.0739613324 0.0982154682 -0.0902581215 0.121369116 -0.0588072389 0.0257902667 0.0664287508 -0.0528846532 -0.026058156 0.0215988848 -0.114560813 -0.0229836032 0.094874844 -0.113179334 -0.16558291 0.0210558213 0.144901171 0.0258428827 -0.0578656122 -0.0301905572 0.155156925 0.0251991414 0.0747457594 0.0865701362 -0.063228637 -0.0179619994 0.0523795299 0.0393961705 0.0671312436 0.1088337 0.152438208 -0.109768935 0.109900713 0.0123698097 0.0739926249 0.0680476651 0.0237159058 -0.180411965 -0.0451703779 0.0221949015 0.154984742 -0.240607411 -0.085693486 -0.185381055 -0.00504684728 -0.0193438791 0.000957312877 -0.0535731576 -0.072905004 0.0196635015 -0.150397316 0.0143117318 0.164671808 0.163619891 -0.102336563 -0.0944853574 0.00406263024 0.0706967488 -0.0681139901 -0.0949376523 0.0143812215 0.050242573 -0.202321604 -0.058961425 0.126908407
TENSOR w_k 2 8 16
0.0253096092 0.0400219262 0.0311458651 0.0179574657 0.00108776637 0.109688193 0.0491428152 -0.0111057116 0.158784777 -0.112239935 -0.150296137 0.0226214714 0.106733948 0.063464433 0.0395070612 0.125163913 -0.123116769 -0.102466047 0.0699965954 0.0216111317 -0.0889453664 0.0226470679 -0.0844371766 -0.0814273655 0.0851461291 -0.17942366 -0.112375982 -0.0506175421 0.131486744 -0.041606497 0.0248662699 0.0727114081 0.0454736613 -0.0054569561 0.0222704038 -0.0113168685 0.0694161728 -0.0368969403 -0.00694126822 -0.00662719272 0.136309057 0.0984271318 -0.109972052 -0.0907470286 0.0142705571 0.142414078 -0.00560201425 0.0210598186 0.112817638 0.00824190211 0.0121061839 0.0474252254 -0.025811851 0.0798282772 0.156248689 -0.0253938492 0.0516925305 -0.0533850305 -0.0355910324 -0.167768046 0.0325735435 0.0609677881 0.0068094763 -0.00736908568 -0.0591707081 0.218052685 -0.33431676 -0.0281367935 -0.185505018 0.124548666 -0.143370286 0.0545392148 0.144459054 0.0653946251 0.152231053 -0.221244723 -0.0913422406 -0.0423497297 -0.20254086 -0.0791918337 -0.0675951689 0.0107280416 -0.0516208187 0.015134614 0.0792354122 0.104813151 0.00362480478 -0.0252417531 -0.246747464 -0.0518998764 0.00881419796 -0.222790971 0.0200877562 0.0307283774 -0.220389456 -0.0328782387 -0.054401774 -0.0715365559 0.0740686879 0.0593073443 0.0882984251 -0.0193346739 -0.193364471 0.0829287097 0.0285456963 -0.0690980554 0.00550651131 -0.194430649 0.140554234 0.0876693055 0.0589249507 -0.115635566 0.0418898314 0.0485874228 0.00182470353 -0.166880324 -0.0861287937 0.137356564 -0.114476331 -0.0396705046 0.033981178 -0.00529090269 -0.0257562213 -0.202607855 -0.0268798843 0.109896719 0.144333884 -0.051636938
TENSOR w_v 2 8 16
0.0435013995 0.0520010255 0.0785110518 0.0904566869 -0.0418886989 -0.0609067529 0.096393466 -0.130914778 -0.00264945044 -0.0785309747 0.0849145949 -0.0534028485 -0.028119009 -0.0807938352 -0.153481573 -0.292192817 0.0347898267 0.0486320071 -0.0691890493 -0.0825723708 0.0106269354 -0.0407870449 0.0487246215 0.0373890176 0.127060011 -0.0587750897 0.0264372416 0.0110830665 0.0585304871 0.0199699327 0.00737271132 -0.0016728245 0.0336250775 0.0268176105 -0.125401095 -0.0430953652 0.112028375 -0.0219637509 0.0729152635 0.0145167029 0.0217758995 0.0853281841 -0.108987167 0.0925047174 -0.112902299 0.0493176132 -0.148260385 0.0205855519 0.175763682 0.00404830417 0.110562772 0.0301707666 0.11065919 0.149692357 0.0344822071 0.260187268 0.124118887 -0.0670525283 -0.0207273588 -0.104783706 0.027186336 0.167598173 -0.0625712946 -0.0947544128 0.0504998267 0.0959453583 -0.07242053 -0.00661506737 -0.019150639 -0.145465031 0.0590676963 -0.0775809065 0.00692617381 0.0157727674 -0.0360733196 -0.0289120767 0.0426956415 0.0731962398 0.086771965 -0.0760517642 0.0818337351 0.00273697847 0.0265783593 0.103700019 -0.0626744628 0.1112324 -0.169788435 0.0270435605 -0.0753344074 -0.0705517828 0.0816983134 0.118823521 0.0116419867 0.0357427783 0.0454338565 0.0480703078 0.0941874906 -0.0434490889 0.0369721837 -0.185461387 -0.0711571276 0.116102524 0.0568520986 -0.151571631 -0.0899610594 0.0108783245 0.0993387401 0.0907930955 0.0210259892 -0.018020276 0.0850466117 0.137490839 0.138775364 -0.0533680022 -0.15206103 0.127154395 -0.0446968824 0.0341120772 0.00797288306 0.0398336984 0.0274762753 0.0295057222 -0.186103478 -0.0635650977 -0.0899294391 -0.0481503904 0.137215808 0.0234115981
TENSOR w_o 2 16 16
-0.0313869081 0.0125718936 -0.0190199092 0.152746394 0.0610610396 0.0673842132 -0.0213225577 -0.031220356 -0.0502939001 0.189191043 0.0362189896 -0.0871274695 -0.0033995132 0.138116241 -0.0957055166 0.097533606 0.120415315 0.0479141846 0.00482231798 0.0207439642 0.0245619956 -0.138708338 0.009523171 -0.115228295 -0.0570452437 0.0957239196 0.0904360116 -0.0089658713 -0.00684855552 -0.00429925369 -0.114815325 0.0912306979 -0.0823864043 -0.141136706 -0.131797716 0.0196982976 -0.0466497764 -0.0244594961 -0.141911283 -0.226649106 0.0917198062 -0.0514256991 -0.109814681 0.136096433 -0.0195051674 0.0799656361 -0.11915233 0.000734611123 0.0322361216 -0.0449153297 -0.0566080362 0.0429833345 -0.0565687604 -0.11257007 0.049642399 0.0961332545 0.100930661 -0.0342725553 -0.0181467533 -0.0895484462 0.0872705728 0.00321721332 -0.0368833058 0.045371294 -0.0600134581 0.0120672109 -0.097122848 -0.109919533 0.120148331 0.190708205 -0.215694904 0.0795216635 -0.177568957 0.0808499828 0.0372557826 -0.103825338 -0.086475119 0.112757646 -0.0986055583 0.0211504996 -0.115215071 -0.109808207 0.192300633 0.101296693 -0.0835879147 0.0851345509 -0.0732923225 -0.132540584 0.0701534599 -0.194918558 -0.00894525182 0.0309170242 0.125026867 -0.121810518 -0.185044572 -0.106277883 -0.15507634 0.119429082 -0.0584916137 -0.113654695 -0.114687666 0.144834831 0.0192542486 0.0428194143 -0.11732626 0.146403 -0.0455918945 -0.00852567703 0.0432342738 -0.008771603 -0.184651285 -0.0142429434 -0.00387316686 0.0906028152 -0.0239024963 0.0955581218 -0.0382023714 0.118613377 0.00059994054 0.0519445501 0.0552162491 -0.130907327 -0.0268623941 -0.106906913 -0.128249481 -0.0647811443 -0.0427493304 0.0760360062 0.0698659271 0.0817573294 -0.0829993486 -0.0166703872 -0.0546750985 -0.0559709631 -0.0339361802 -0.202130467 -0.0390777215 -0.172331408 -0.113946788 0.0510254167 0.231229007 0.0642586872 -0.0421921648 -0.0173283648 -0.0465779379 0.055509977 0.0702940449 -0.0229388978 0.00859567896 -0.0427134186 0.0273957253 -0.0346813276 0.0605983064 -0.0389363244 0.169979408 -0.0280259233 -0.0699311942 0.026355559 -0.06975694 -0.00189094513 -0.0468508713 -0.0296165291 0.057857547 0.0439582467 -0.139092088 0.000103738173 0.17626971 -0.0786452666 0.128399044 -0.0427300408 0.00288457423 0.120955504 -0.0290983636 0.0320508629 -0.101366036 -0.0295599718 -0.195670709 0.113955863 -0.00310665858 0.0435666628 0.0583695062 0.00635412522 0.0292012691 -8.64062968e-05 -0.123523377 -0.0510660559 0.184807986 0.0513307117 -0.0524975993 0.10185419 -0.00691591762 -0.0140561871 0.0230891928 0.0476041734 0.162230581 0.0794803053 -0.051299192 0.0181354433 0.103122123 -0.0927543789 -0.215460062 -0.061733 -0.234017119 0.153257415 -0.116035976 -0.138647616 -0.00166218809 -0.139326587 -0.0459151343 -0.0398174375 0.0548155569 0.255330354 0.145997927 -0.134268567 -0.0868793428 0.0485293865 -0.0312333256 -0.121881627 -0.16675742 0.135902956 -0.150515556 -9.11233146e-05 0.0417468511 0.120759197 0.159161374 -0.0856092051 -0.0567344874 -0.0478425957 -0.035907086 0.0391969495 -0.0133584039 -0.144123867 -0.0758110732 -0.00737661403 -0.018890325 -0.142215431 0.0976755247 -0.0812349096 0.142114207 -0.0121666547 0.105245166 -0.0132020274 -0.071588248 0.0612888448 0.0584825687 0.0724807233 -0.26095134 0.0238711014 -0.0364631303 0.112759389 -0.0632256344 -0.0571604408 -0.0210251287 -0.0365689062 0.00794029329 -0.00589526026
TENSOR ffn_norm_weight 1 16
1 1 1 1 1 1 1 1 1 1 1 1 1 1 1 1
TENSOR w_gate 2 32 16
-0.00224466878 0.0244851671 0.0164661631 0.0866569132 0.0628501326 0.137876019 0.0023783748 -0.14825508 -0.010642265 -0.0650987476 0.0325694866 0.115943007 -0.074824512 -0.0258740354 0.154718801 -0.168483362 0.0518765338 0.0934379175 0.0571077764 -0.0170230884 -0.0520555973 -0.217916235 0.126290455 0.031046994 -0.0706126466 0.192727998 -0.0770102441 0.079499498 0.0477713309 0.120071307 0.0406678058 0.00675568404 -0.131867841 -0.0895944387 -0.0369466729 0.0469559878 0.0323058255 -0.154995725 -0.0745979249 0.0158195272 0.105547346 -0.0767548606 -0.223819569 0.0632175133 0.0558748655 0.030947173 0.0503418669 -0.0787702203 0.0463327467 0.0721572116 -0.107639067 0.0955550149 0.0909436941 -0.0618453287 -0.00862451177 -0.199917465 0.134151235 0.0872904137 -0.0833045468 -0.0923096016 -0.0166901015 0.0385460705 -0.048838716 0.184148505 0.145838484 0.0997720361 0.259192258 0.0951548144 0.205602139 -0.113183849 0.174617544 0.0364801548 0.0287856385 -0.100519456 0.0873983502 0.0283617359 0.00286531914 0.162328511 -0.117925368 0.0310577713 0.119976021 0.00855112541 0.0996759534 0.0392591059 -0.179795906 0.10614647 -0.0965927914 -0.0394765213 0.064132072 -0.00885868911 -0.0745947137 0.0797639117 -0.131632358 0.000771909021 -0.115080953 0.102769211 -0.106370836 -0.0865871981 -0.185797617 0.11848601 -0.105570652 -0.0882707238 -0.101302028 0.0570285209 -0.0237326398 0.0665866584 -0.162564203 0.192306593 -0.0314532332 0.217905521 0.0424153507 0.0607036389 -0.0414579958 0.0152385272 -0.0545797311 0.0661418289 0.0809937194 -0.164584935 -0.035754174 0.20987983 -0.0783710107 -0.051075656 0.0559537113 -0.00323223416 -0.112888135 0.00799208786 0.00178944995 0.0719966665 0.0532914698 -0.00721253734 -0.0477350056 -0.0998721197 0.0803449824 -0.140416831 0.11756742 -0.00228695222 0.057549879 0.172291428 -0.0434648544 -0.219133914 -0.0674977824 0.102287091 -0.193988591 -0.133811414 0.00652584434 0.000175308218 0.0164664518 -0.11667864 0.0588933229 -0.0211546198 -0.240297675 -0.16612193 -0.0371919945 0.00660102582 -0.0383728743 -0.143410876 0.00972651504 0.191173792 -0.0071160621 0.133244962 -0.0252876524 -0.0733137652 -0.0832803249 -0.00558228791 -0.118778907 0.0273617338 0.225855693 -0.196031258 0.0365292765 0.148318753 0.101206049 -0.144916505 0.00857947022 -0.00579590071 -0.045976907 0.0549574196 -0.0672702044 -0.0302947871 -0.176976025 -0.0497985147 0.0456502847 0.139701933 -0.055851344 -0.0464402623 0.0255051907 -0.185781717 -0.047847759 -0.0646823496 -0.0731140375 0.0435674153 -0.07193169 0.0609704107 -0.0312758051 0.00423637638 0.0248160288 -0.141644418 0.0683117509 0.0430733636 -0.0106959259 0.0234804861 0.0998120829 0.0535753965 0.12169271 0.00201646518 0.17387408 -0.124760136 -0.0236189347 0.0369570106 0.024424959 0.0348833464 -0.17881684 -0.0650896281 0.229239702 0.0786976218 0.0720338449 0.0288595576 -0.0663076565 0.0268351045 -0.0811354294 -0.103827298 -0.00689331023 -0.0448915064 -0.133418277 -0.0232073925 -0.0812430084 -0.0493579581 0.065854162 -0.0433112606 -0.0862276256 0.138529375 -0.150252029 0.0354309157 0.0461750962 -0.138060242 0.131736383 -0.0497786961 0.0445327871 -0.06285806 -0.102763109 -0.0369388498 -0.0496654846 0.0366310813 0.0705427602 -0.00633874163 0.15833886 0.0773245916 -0.0125357974 -0.122276321 0.0786894411 0.212776899 0.0147208422 0.0501153171 -0.0799084455 -0.159334198 0.0900639221 -0.00649102312 0.0109667582 -0.0647759587 -0.0989897847 -0.195431024 0.130170926 -0.168989286 0.114142828 0.078347303 0.00521177705 0.0508043841 -0.0377683267 -0.0619592406 -0.00682303729 -0.145637378 0.0170692503 0.229805097 -0.0260555632 -0.0803442299 -0.179328948 0.19610253 -0.0813598409 0.0248498376 0.173119053 0.00329918158 0.00144452672 -0.122318417 -0.0637539476 -0.00397697883 -0.0566577539 0.0010519207 -0.0974733979 0.194303468 -0.0248472802 -0.0217330698 -0.00756354304 0.0507202707 -0.171762139 0.136490762 -0.126765728 -0.199807256 -0.0457062013 0.0799249783 0.250109762 0.157987744 -0.0638085827 0.103361174 0.0655164719 -0.116352558 -0.0202339645 -0.0644234419 0.0674216747 -0.0196906459 -0.038577415 -0.0360987522 0.0343879946 -0.10399694 0.0667427406 0.159427017 -0.0415587388 -0.104428321 0.0951767117 0.169577241 0.0553105623 -0.0581247322 0.0976486579 -0.0462234579 -0.069504872 0.0328601897 0.0270980801 -0.00708452193 0.0936669707 -0.0190309323 -0.0515328571 -0.145196944 -0.0892039239 0.0946747512 0.19904013 0.0292373784 0.0294887591 -0.00516124116 -0.0103351101 -0.0743412003 0.0712049603 0.0746020526 -0.075093478 0.00576300221 0.10245353 -0.12010774 -0.0776651576 -0.05980606 0.145139977 0.0240638144 0.0527601764 -0.0359532014 0.0121483458 -0.0107143419 0.0539139174 -0.0964960977 0.0352324098 -0.171893865 -0.170723021 0.0282292999 -0.00868662819 -0.0141021218 0.0682044178 0.00640666764 0.0569703169 -0.144989103 -0.0131047992 0.103725143 0.0107437531 0.0773106813 0.119376957 0.102234788 0.0856736228 -0.00117484853 -0.0264948457 0.146784991 0.00158392522 -0.0462275408 0.00772414263 0.171732157 -0.000702502264 -0.0598825179 0.0462017804 -0.113904342 -0.0621968657 -0.0230770186 0.15038915 -0.026466392 -0.150154829 0.089342609 0.0439951941 -0.0584293418 -0.0702429339 0.157618001 -0.0852540806 -0.0345128551 0.190848902 -0.0276461802 -0.0879267305 -0.160512149 -0.0548586883 0.0325609483 -0.0616687126 0.179688662 0.0223783683 0.0836165026 -0.0910714269 -0.0997823253 0.0222772807 -0.195870727 0.0252868682 0.0467651077 0.100107551 -0.0627951398 -0.133956879 -0.10273128 -0.0165833887 0.127589732 -0.0763391107 0.0141311623 -0.0266998019 0.104653805 0.0300335903 -0.082416743 -0.032887686 -0.0979704931 -0.0720904693 0.0617030039 -0.12348038 0.0565111637 0.00504815904 0.139441818 -0.0647263899 -0.00479373755 -0.0905199498 -0.045150876 0.033426702 -0.0509080738 -0.110624194 -0.0267009605 -0.18091774 -0.0304923728 0.0186384674 0.182166785 0.191851944 -0.158763975 0.170115784 -0.0951813236 -0.116278939 -0.124930367 -0.0323771499 -0.110455483 -0.124289431 0.0712173358 -0.0684172809 0.156821519 0.0302754901 -0.0866203755 0.14510335 -0.108188115 0.139782622 -0.110341713 0.135679752 0.157844409 0.0326149464 -0.187797338 0.00322782458 -0.0141736707 -0.148281619 -0.0746995062 -0.256426781 0.0626844466 -0.0917365253 0.125839919 0.0766565427 -0.0952516869 -0.0433667116 0.0561890528 -0.0191992428 0.0834807083 -0.0675600469 0.038512595 0.00595290679 -0.0208429191 0.097230047 -0.0265104976 -0.117515631 -0.0381066799 0.019210171 -0.0649221092 0.0383165441 -0.0373681746 -0.00971675944 -0.169469789 0.130608827 0.0926988795 -0.106204361 0.0883239061 -0.0168312062 -0.0436171591 -0.129106611 0.131981224 0.0386365987 0.0766928196 -0.0767440721 0.0757516176 -0.0790585205 -0.177676246 -0.108815566 0.00700094784 0.149598688 0.0705514103 0.0452684462 0.0271164253
TENSOR w_up 2 32 16
0.00128146878 -0.0465467647 -0.0184865911 -0.0152905034 0.0914035663 0.155081332 0.00162924209 -0.10182371 -0.0579001643 -0.0826733932 -0.0760726631 0.0147034759 0.0535967201 -0.126278371 -0.0177612882 0.142657891 0.0682727769 0.0819179192 -0.11153879 -0.105418973 0.07341443 0.0536080301 -0.0349581204 -0.14843674 -0.0708350614 -0.196744278 -0.0131782396 0.034094844 0.0573806614 -0.0581424423 -0.119164377 -0.0683354363 -0.0930281729 -0.178471103 0.0070464639 0.18559964 0.188541427 -0.0607181527 -0.105359353 0.0298548937 -0.0872336924 -0.0616055243 -0.164659545 -0.00831523724 -0.0863486677 -0.0807559714 0.0916350707 -0.186615199 -0.0561358966 -0.00685043493 0.0563059859 0.0943851322 0.00305779604 0.00686938455 -0.151948005 -0.0109455055 0.0104279509 -0.0335167795 -0.0568838976 -0.131049901 -0.19536151 0.0347004756 0.175921753 0.0137475356 0.0483063571 -0.00273485156 -0.00750299031 -0.0280811638 -0.0613745712 0.178507164 -0.0634307563 -0.14687185 -0.0995007828 -0.117983356 0.0695984736 0.035642717 0.0484288186 0.198811963 -0.0441563278 0.196642771 0.00367307733 -0.0435913987 0.146578386 -0.142568246 -0.00383248879 0.106114611 0.114760704 -0.12577197 0.099614352 0.0390977301 -0.123546995 0.0139019219 0.0110228797 0.237613827 0.0341372713 0.0819191635 0.0323431715 -0.0710512921 0.0112093873 -0.0853693783 -0.149952397 0.0539272763 0.277553737 0.0780115575 -0.00116465671 -0.144940436 -0.0426303521 -0.03607684 0.0569467582 0.182336956 0.122191772 -0.0790645555 0.0708189979 -0.0182667356 -0.0235414878 0.0243733525 -0.0193653163 -0.027018059 0.157005116 0.0345346443 0.00902852323 -0.0486659668 -0.00195401767 -0.0361267552 0.0446638726 0.0465389155 -0.00449374877 0.0429498516 -0.0127375098 0.0974681377 -0.0335006751 -0.0246477108 -0.0208208933 -0.110159732 0.0223581009 -0.0411431342 -0.0177831147 0.0154106366 -0.0943799093 0.102894984 -0.0462830625 -0.161074728 0.11210157 0.0227598604 0.0676190034 -0.110086717 0.0482926406 -0.0409746282 0.0788958147 0.178327233 -0.0602234788 0.112083569 -0.199467406 0.0476605557 -0.0322061442 0.0523166321 0.08896292 0.121021949 -0.108006194 -0.147614062 -0.0708117932 -0.0596598871 -0.0281909928 -0.00771584315 -0.144508943 0.160321131 0.0424983017 -0.0743261576 -0.0314485766 -0.0451242924 -0.0296154376 -0.105075516 -0.0768202469 -0.209242493 0.0712739006 -0.170815319 0.084025085 0.00524215214 -0.0284991916 -0.0984502584 -0.111933596 0.0937862843 -0.123611711 -0.077111274 -0.262063593 -0.0787881464 0.0295255072 0.126254544 0.115268648 0.109780237 -0.00863895472 -0.13756448 -0.0763458163 -0.0426592603 -0.111133866 -0.0821537152 -0.0245592687 0.0614919849 0.0829669684 -0.0059454795 -0.00256774388 -0.11694435 -0.00513971597 0.0809264109 -0.0373907387 0.0675476417 -0.0482233949 0.117542915 -0.197446406 0.106956199 0.0509712026 -0.00761172315 -0.0614642054 -0.0853098854 -0.156022102 -0.0127468789 0.0734350756 -0.015068558 0.109122343 -0.0577644445 -0.0698585734 -0.00961771049 -0.00487387041 0.111177258 -0.0760584846 0.205453992 0.030325437 -0.0347742103 0.0165989976 -0.156618461 0.141078174 0.127853245 0.00501587521 0.158807382 -0.0906033441 0.0197893176 -0.142824486 0.0147536518 0.0492823236 -0.00972524658 0.150953054 -0.168643519 -0.110686541 0.064919591 -0.149864227 0.0395760611 -0.159162179 0.0743325353 0.0882307291 -0.0414244011 -0.0685556158 -0.00561768189 -0.0555716269 -0.08002121 -0.0341346674 0.033411175 0.0999027416 0.187295482 0.102425829 0.0200525764 0.104906484 -0.0233948026 0.16202803 0.0945040509 -0.037528839 -0.082761474 -0.169122338 -0.16850026 -0.201379597 0.00749019207 -0.091931887 0.238679707 0.0412814468 -0.0037877392 -0.101077422 -0.0412533544 0.200862646 0.103812963 -0.0679804906 -0.0555555895 -0.134792224 -0.133256003 -0.0757028237 -0.060918197 0.139064521 -0.0975428671 0.00692422828 0.000826354604 0.0511678718 0.033716999 -0.0408709645 0.0439883657 0.0190284401 0.0332406759 -0.0693234056 0.0481709726 -0.177991018 -0.0198444743 -0.000624008477 0.0520538911 -0.223005265 0.116810076 -0.149815619 0.015894141 -0.187142417 -0.0229258221 0.128984526 -0.0243817028 -0.0221682955 -0.0303009748 -0.0180001855 -0.0579620376 -0.100033209 -0.0388289504 0.162569761 0.0618155263 0.052149184 -0.0933508649 0.00993800908 0.0351221226 -0.121487349 0.0134812184 0.0486944206 -0.0622339882 -0.0693754926 -0.0406957418 -0.0106753595 -0.0465531796 -0.0285675544 -0.0748205408 0.103994913 -0.00138432696 -0.0528490655 -0.0232518539 -0.0319944657 -0.0906687528 0.00758983288 0.137019426 0.117158689 0.144692704 -0.0180650931 0.0481408797 -0.0625266358 0.132318825 0.00920650456 0.0387728959 -0.01066521 0.0692173913 -0.074954249 0.151469171 -0.112606287 0.0710610747 -0.0462743603 -0.0544521622 -0.0753402188 0.0788906142 -0.0168254413 -0.00548322359 0.211475715 0.110552199 0.253808081 -0.121709183 -0.0144998152 0.104580425 0.101006657 0.0553137027 0.00934658013 -0.0633855462 -0.212762043 0.0438195243 0.0935715958 0.18040514 0.000452046108 0.125433832 -0.0484767072 0.138174191 -0.0948663503 0.0482918248 0.0628506467 0.0190648939 -0.0184577927 -0.0316112861 -0.0269859936 0.0169329271 -0.0194717124 0.0431635901 -0.0642554387 -0.11122103 -0.0427672677 -0.127017632 -0.252129912 -0.0123603409 -0.0148934033 0.151216343 0.0553028136 -0.0415382944 0.0538330115 -0.0963279754 -0.143567294 -0.00547780981 0.0180013888 -0.117031194 -0.0290254876 -0.0630777553 0.0186966211 -0.0500265621 0.0707060024 -0.0707791895 -0.0458032936 -0.0192423053 -0.022238411 -0.065520592 -0.062666893 -0.0515049174 0.0576871783 -0.125357091 -0.188408628 0.0524095446 0.0876671895 0.0723247305 -0.224569693 -0.125218883 -0.0635851026 -0.0954673439 -0.0430645235 0.0701231584 -0.0296141114 -0.0258967075 -0.0145512018 0.00568962237 -0.00637008762 -0.00200743671 -0.123713434 -0.116158515 0.0363625623 0.00201830035 -0.044559326 0.0156303421 0.0334899649 -0.205662593 -0.0671554804 -0.0413147211 -0.0361598171 0.123090208 -0.0654165074 -0.0466951877 0.0573929101 0.0915685222 0.0569223426 -0.124434516 0.0982416049 0.0511192083 0.0287131369 -0.405248582 -0.0876424536 -0.0489555411 -0.149560124 -0.0440707542 -0.0764586255 0.0580235608 0.00854601152 0.0213843267 0.147560179 0.028074747 -0.257373989 0.0684763193 0.118737198 -0.115645461 -0.0240316149 -0.0633157194 -0.0995772853 -0.249507442 0.0647386163 0.178266183 0.0437057391 0.0800457969 0.0228111893 0.0537500344 0.174933925 0.124931775 0.0475729033 0.03306273 0.043414887 0.0530860573 -0.150596872 -0.0271298252 0.212643921 0.00632431312 0.0837390497 -0.0399492383 -0.0441898033 0.0644524321 -0.0767435357 0.0597373918 0.0943679363 -0.0192911513 0.055236727 0.0154850306 0.251592696 -0.0518618636 -0.0207240768 -0.229066193 -0.0835578442 0.0861184001 -0.021224333 0.0079319356 -0.156297386 0.0805235133 -0.0122433882 -0.116795883 -0.0358475335 0.0989393517
TENSOR w_down 2 16 32
-0.0467271246 -0.0604946353 -0.00521896826 -0.0603192374 -0.0887649357 0.0971719027 0.00844023749 0.0213755034 0.0105014611 -0.164281666 -0.0419015773 -0.156833902 -0.158903092 0.0589727573 -0.0243487917 -0.0742329881 0.0286225155 0.0629133731 0.0743378624 0.0481004044 -0.143724963 -0.0728998259 -0.108665615 0.139975145 0.161042199 0.0969859213 0.0156846624 -0.0268165842 0.0321591422 0.109547861 0.0937016532 -0.144589335 -0.140893608 -0.197659239 -0.020185601 -0.0298295077 0.0774515346 0.0388172269 0.0520363897 -0.1424651 -0.000819174922 0.0190214049 -0.0517317727 0.00583705166 -0.00310893799 0.0243363995 -0.0878469497 0.143373773 0.137225553 0.160435095 0.026685847 -0.0642475262 0.118814245 0.213502705 -0.133844629 -0.139998838 -0.0432036184 0.179419383 0.115807652 0.0296555702 -0.097289212 -0.0952326357 -0.0085040126 -0.0421295688 -0.0110362163 -0.0851962715 0.31306541 0.189893544 0.120269544 -0.0965259597 -0.167302892 -0.0784058943 -0.0636941195 0.00129290391 0.0274877045 0.0145620322 -0.0855512992 -0.0455876328 -0.0789675713 -0.109633215 -0.0809248537 -0.178583235 -0.041537974 -0.103984036 0.0208034609 0.0290500093 -0.035515286 0.032560546 0.0641213134 -0.197546422 -0.140355989 0.0892794356 0.0192718357 -0.122987688 0.0681500807 0.00845062733 -0.18190442 0.0585842878 0.120666273 0.079105787 -0.0100695025 -0.0223724637 0.00476210006 -0.143451691 0.142018557 0.0689824224 -0.0386537984 -0.0203232635 0.00632392662 -0.0624656789 0.155495822 0.0083106868 -0.00144169794 0.0113025457 0.0837506726 0.0765137076 0.19507128 -0.0332503617 -0.067467384 0.0216395482 -0.0962772295 -0.0742579922 0.0426534712 0.125019476 0.0131744212 0.0726866797 -0.213448226 0.00154243072 0.0690878481 0.050247971 -0.0890266225 -0.0928121135 -0.0867506638 0.0143196369 0.173216686 -0.0255522262 -0.114177994 0.0703071654 0.0468404926 0.225455776 0.0642105788 0.0785768628 0.0736252367 0.0245450176 -0.0751004443 0.16711852 -0.156225666 0.126864836 -0.0270207077 -0.00535374228 -0.168326125 0.0223566964 -0.0195449237 0.0471895412 -0.091883488 -0.0636344999 -0.0536222644 -0.0493326187 -0.0559014529 -0.0699667782 0.0390969031 -0.119070895 -0.2196358 0.0982804671 -0.25826624 0.0139830327 0.043245323 -0.0870968103 0.212832227 -0.0946113691 0.00126830069 0.165967092 -0.237259835 0.0732974187 0.0348028392 0.161290675 -0.177731454 -0.0313418955 0.0234804191 -0.0426872931 -0.206247091 0.0394589305 0.0507424958 -0.127205044 -0.0283061657 -0.0756913647 -0.0278502796 0.00391478464 0.127879158 0.0805212036 0.06011305 -0.0380960852 0.0432236381 -0.0421546213 -0.0283970572 -0.0587678738 -0.0888719782 0.00689695356 -0.0923936591 -0.00863985159 -0.0945220515 0.0688340664 -0.0372939445 0.10529796 -0.00829961523 -0.043716155 -0.161550328 0.0657406524 0.0473016389 0.191461354 -0.105710015 -0.0751730129 -0.115470223 -0.0087187076 0.102247275 -0.0357173011 0.0772602931 -0.0850426182 -0.0858096108 0.0300659984 0.0840520859 0.0140258195 -0.191402927 0.0482856072 -0.0661364496 -0.16428408 0.0014738231 0.0658523813 -0.122424446 0.00058723992 0.0978572667 0.071405381 -0.151595578 0.0542141646 -0.0111610545 0.0951993912 0.0114390431 0.11855147 0.0848859921 0.0333704278 -0.0891633928 -0.0970444605 0.0685795471 -0.0853760317 -0.154176429 -0.0101338495 0.154797733 -0.150688171 0.0272857808 0.0276842862 0.0673323795 0.0219741296 0.00276224408 -0.00099272572 0.0285496749 0.0248733219 0.00635318784 -0.148242071 -0.0301404446 0.103558861 -0.150018364 -0.0199253093 -0.0447173938 0.0543376319 0.0306499396 -0.0740810931 0.0151041485 0.0683867559 -0.111282744 -0.0128996698 0.229324013 -0.0243181568 0.118728898 -0.0254266225 0.102258682 0.0768724903 -0.0866392553 0.158264533 -0.0503207371 -0.0374989323 -0.150297582 -0.13810724 0.0254652631 -0.0625361577 0.074256584 -0.0844586343 -0.101012029 -0.14231135 0.0202945583 -0.0626146793 0.0337942168 -0.0163483396 0.0740198195 0.043874979 -0.0889006779 -0.0171428323 0.091362223 0.0260793958 0.253620714 0.117462434 -0.00508889509 -0.0348087288 -0.00842764881 0.0931672677 -0.00616394822 -0.120489672 0.00815217756 -0.179867834 0.025586579 0.0641468465 0.223234117 -0.0806582496 -0.11451517 -0.234376833 0.121871024 -0.0836493298 0.065180704 0.000710043008 0.168477625 -0.289143652 0.0664334521 0.217344671 0.0611843653 0.109740257 0.122776449 -0.0396419428 0.104632214 0.166625321 0.233701855 -0.10270343 -0.0777659863 -0.0566323772 0.148415163 -0.119010918 0.16322428 0.134996578 0.085562937 0.00943360757 -0.117988944 -0.0896384791 0.186240718 -0.0680472106 -0.0735163167 -0.0714604482 -0.0289718267 -0.148737863 -0.00218670629 0.0173529647 -0.0653655604 0.202652529 -0.007906585 -0.105777837 -0.0340250656 0.0851268768 -0.0645749122 -0.00787484925 0.127498522 0.00318179745 -0.104972668 0.105698891 0.0186023507 -0.100944452 0.0399120152 -0.063886784 -0.173854262 -0.144034058 0.00541862659 -0.0184076112 0.0292572826 0.182006106 0.0863549411 -0.00607702835 0.0331290774 -0.0374662392 -0.0501522571 -0.163893595 -0.0111787692 -0.0566657782 0.138898998 0.0717205703 0.0759420544 0.0950086117 0.00289402576 -0.142444327 -0.00644251425 0.0253215712 0.0358189605 -0.0464804247 -0.101552367 0.0935412422 0.0281942785 -0.0899876729 -0.0230319146 -0.12019445 0.0531337671 0.0124816867 0.102556534 -0.130550429 0.17947486 -0.15891768 -0.0775564089 -0.0012015705 -0.0243388582 0.044205226 0.0310914982 -0.148508564 0.000199371061 0.131216839 0.147403017 -0.0133639108 -0.124555305 -0.0552466735 0.0231602248 0.00303851138 0.0867482647 0.0266934354 -0.089043133 -0.118603058 -0.0409997627 -0.0831686407 -0.00266249944 -0.110210083 0.0340474397 0.0511640683 -0.0420795493 0.00865316857 0.0944283381 -0.0515695848 0.0602971986 -0.223346263 0.0186605547 0.0169125777 -0.115564585 0.171627671 -0.040188726 0.147083357 -0.0724658221 -0.0457638539 0.0366098061 0.107002236 -0.106904998 0.0769227892 -0.0459043272 -0.0148482798 -0.185592219 -0.1524349 0.0301233009 0.0518885478 -0.258846998 0.071354568 -0.0513902493 -0.256480247 -0.161426455 0.157237455 0.0108306315 -0.129914552 -0.000653215975 -0.0176108703 -0.0956384316 -0.0945062414 -0.0841617584 -0.0479474515 -0.00141036313 0.0697862431 -0.171551153 0.0407176241 -0.0152592696 0.0191537943 0.0929034352 -0.0915636197 -0.117083937 0.00563284056 -0.0300841294 0.194299325 -0.248817757 -0.0128299529 -0.0343461558 -0.0344038084 -0.0987523571 -0.037064109 0.158932731 -0.128644377 -0.0665232018 -0.0958512947 0.120405428 0.0257778727 -0.0180977359 0.0721978098 0.0526010431 0.0118130082 0.0257294662 -0.298891276 -0.158803165 -0.0490552858 -0.0696854964 -0.0877691805 0.0417352729 0.139636084 0.0751251131 0.0929647982 0.165524542 -0.0466147177 -0.0505701117 -0.0512602217 0.0511440597 -0.0281360261 -0.0147213982 0.0314596109 -0.108322732 -0.141852841 -0.0471514054 -0.110236369
EXPECT input_embedding 2 4 16
0.0893336609 0.04899 0.0821714029 -0.0296275485 -0.0828914344 0.158211425 -0.0690632612 -0.172355607 -0.0526075326 -0.0402464718 0.0260611139 0.132800505 0.139342353 0.0628125891 0.213003397 0.0572099239 0.015382519 -0.0353623368 -0.204203367 -0.114428699 -0.0924336612 0.0855037346 0.0815128386 0.100240909 0.0892871842 -0.059444081 -0.0454299375 0.0026324091 0.0064793122 0.184836075 0.176412418 0.0632001311 0.0359754339 0.133356199 0.0923769549 0.0600348189 0.097803086 -0.0577754825 0.0162048023 -0.0528725833 -0.000483030424 -0.0625119507 0.16898109 0.128636956 -0.0252825543 0.0242413133 0.0318329372 0.00982502848 -0.0800493881 0.0997627452 -0.0242766961 0.0348021388 -0.0974216536 -0.100752652 -0.0303786695 -0.204294592 -0.0597885847 0.0321603119 0.0785864741 0.0300586447 -0.0368160531 -0.00266421586 0.16198805 -0.203351006
EXPECT layer0.pre_attention_normalized_state 2 4 16
0.843991637 0.462839544 0.776325226 -0.279910207 -0.783127844 1.49472344 -0.652484357 -1.62835252 -0.497016639 -0.380233884 0.246215835 1.25465035 1.31645536 0.593430281 2.01237798 0.540498376 0.148411348 -0.341177672 -1.97016478 -1.10401404 -0.891804814 0.824944496 0.786440134 0.967129529 0.861447394 -0.573519588 -0.438310415 0.0253976211 0.0625127405 1.78330815 1.70203626 0.609758139 0.458081156 1.69804657 1.17625105 0.764433324 1.24534285 -0.735664785 0.206338435 -0.673235357 -0.00615050644 -0.795975029 2.15166426 1.63795567 -0.321926951 0.308668673 0.405334055 0.125103712 -0.797348499 0.993707418 -0.241813049 0.346653908 -0.970388532 -1.00356758 -0.302593023 -2.03491855 -0.59553653 0.320339441 0.782776833 0.299405336 -0.366713911 -0.0265374724 1.6135155 -2.02551985
EXPECT layer0.q_projection 2 4 16
0.189173147 0.202169433 0.0176873859 0.309833646 0.0790965185 -0.0157563686 -0.133330986 0.492557198 0.0192846749 -0.66031611 0.578075111 -0.970087051 0.6018309 0.251045614 -0.23983486 -0.575022995 0.272114843 0.406921864 -0.329725534 0.0307076126 -0.269960135 -0.095413141 0.0318508558 -0.250267267 0.546772003 -0.410601258 0.334671199 -0.56414932 0.120932512 -0.07518363 0.530777216 0.498808235 -0.45626694 -0.0547172464 0.0813231245 0.458699852 -0.40951246 0.079267256 0.539058208 0.441368431 0.252039343 0.197988972 0.448067665 -0.0530464239 0.624451637 -0.0645367205 -0.597271144 0.542753994 0.642878234 -0.556012094 -0.361705333 0.765441477 -0.535822213 -0.166696712 0.24600102 0.706839263 0.0809348673 -0.38380003 0.199354574 -0.23826851 0.681926787 0.40314129 -0.266519666 -0.54829222
EXPECT layer0.k_projection 2 4 8
-0.565535128 -0.478129357 -0.500788748 -0.0447358415 0.257447243 -0.526975989 -0.170329005 0.0615371615 0.475259304 0.442132503 -0.0564353913 -0.776195049 -0.109875418 0.0481649376 -0.351864517 -0.37432307 -0.155943915 -0.824659467 -0.182407528 0.0541554168 0.566563189 0.960089803 0.190940529 0.49941054 -0.00353863812 0.0629229099 0.0868166089 -0.312776357 0.43571353 -0.409126461 -0.405470401 0.694910765
EXPECT layer0.v_projection 2 4 8
-0.427582294 0.00712826988 -0.685054183 -0.147798583 -0.632302284 0.469225138 -0.315920889 -0.0756318942 0.0750040933 0.507764339 -0.56731689 0.122643679 0.235389188 -0.173074827 0.318665624 0.141425639 -0.0959027708 -0.199304134 -0.393470228 -0.288833559 -0.250214398 0.319622338 -0.575024068 -0.101788715 0.309587091 0.167889133 -0.203631446 -0.495694071 -0.203350887 0.357555509 -0.127738342 -1.07176805
EXPECT layer0.q_after_rope 3 4 4 4
0.189173147 0.202169433 0.0176873859 0.309833646 0.42447874 0.406594425 0.0508252829 0.0347752273 0.115927145 -0.0638796911 -0.448724687 0.457513839 -0.58540076 -0.578721762 0.448808551 0.748419225 0.0790965185 -0.0157563686 -0.133330986 0.492557198 -0.172661647 -0.0929057449 -0.20995453 -0.251208872 -0.319746912 0.0704246238 -0.59669596 0.442865402 0.495744348 -0.187823698 -0.319154412 0.701521039 0.0192846749 -0.66031611 0.578075111 -0.970087051 0.0138060749 -0.404939324 0.640916348 -0.568227053 -0.512312174 0.199010238 0.0427167863 -0.0490763001 -0.10825783 -0.376480341 -0.185938001 -0.249673575 0.6018309 0.251045614 -0.23983486 -0.575022995 -0.381293505 -0.0801678672 0.388541341 0.498031467 0.283233494 -0.0753781721 0.816364765 0.541354835 -0.637491167 0.419406176 0.360085994 -0.535953104
EXPECT layer0.k_after_rope 3 2 4 4
-0.565535128 -0.478129357 -0.500788748 -0.0447358415 0.304272443 0.449872196 0.369424731 -0.771735013 0.230758265 -0.825577557 -0.0658910722 0.0376525 -0.0087483339 0.0722764805 -0.0864471644 -0.310748219 0.257447243 -0.526975989 -0.170329005 0.0615371615 0.236717835 0.0519056953 -0.282570183 -0.373822719 -0.409395218 0.949910283 0.435715139 0.518511176 -0.37413314 -0.429786563 0.462900549 0.682326138
EXPECT layer0.attention_probabilities 3 4 4 4
1 0 0 0 0.405465901 0.594534039 0 0 0.371750623 0.264396787 0.36385265 0 0.306320786 0.168130785 0.305063188 0.22048527 1 0 0 0 0.529525042 0.470474958 0 0 0.4222323 0.249277249 0.328490436 0 0.256079108 0.196383283 0.309511006 0.238026619 1 0 0 0 0.507405996 0.492594004 0 0 0.289835036 0.311222851 0.398942083 0 0.282062829 0.270174205 0.197714776 0.25004819 1 0 0 0 0.537297726 0.462702304 0 0 0.325143874 0.269308537 0.405547619 0 0.196091413 0.245436817 0.326195627 0.232276127
EXPECT layer0.attention_output_before_projection 2 4 16
-0.427582294 0.00712826988 -0.685054183 -0.147798583 -0.427582294 0.00712826988 -0.685054183 -0.147798583 -0.632302284 0.469225138 -0.315920889 -0.0756318942 -0.632302284 0.469225138 -0.315920889 -0.0756318942 -0.128777549 0.30477345 -0.615055323 0.0129885571 -0.191127986 0.242665008 -0.629661739 -0.0205622725 -0.204882681 0.152832031 -0.00332737505 0.0312893428 -0.230819464 0.172031492 -0.0222962648 0.0248011239 -0.174017623 0.0643838644 -0.547831237 -0.127610475 -0.193345383 0.0641143769 -0.559922397 -0.126712114 -0.209825918 0.209643856 -0.221790224 -0.0185136832 -0.243670762 0.235577226 -0.250100017 -0.0277842842 -0.0793638602 0.063771084 -0.470160782 -0.222059324 -0.0507583395 0.0798170939 -0.457092673 -0.221148506 -0.215071484 0.238190785 -0.148645803 -0.271242172 -0.19506827 0.236843109 -0.200977996 -0.262268871
EXPECT layer0.attention_output_after_projection 2 4 16
-0.131363273 0.203296378 -0.167151481 -0.109034285 -0.0863442197 -0.269443572 -0.192038998 0.393826127 0.0920223743 -0.167875826 0.0697952807 -0.164606228 0.0872020647 -0.0479373969 -0.00506829983 0.219304398 -0.0757762268 -0.0374466702 0.0116619701 0.00266560749 -0.0474750362 -0.153026849 -0.0959268957 0.317218453 0.0828811079 0.0063054529 0.0597367771 -0.219886661 0.0473103449 0.0306944214 -0.0881275833 0.178606704 -0.106095485 0.0756215081 -0.0526351519 -0.0655104965 -0.0661687553 -0.192300752 -0.0812948868 0.304801166 0.0378254764 -0.0351605341 0.09970586 -0.139896631 0.0186758898 -0.0142346518 -0.0234021824 0.149351642 -0.191900447 0.0674235597 -0.0702824518 -0.0575265698 -0.020949021 -0.185091928 -0.0451621525 0.236038312 0.0390593819 -0.05480472 0.157934353 -0.066093944 0.0667684898 0.00428424869 -0.0842997804 0.154847845
EXPECT layer0.post_attention_residual 2 4 16
-0.0420296118 0.252286375 -0.084980078 -0.138661832 -0.169235647 -0.111232147 -0.261102259 0.22147052 0.0394148417 -0.208122298 0.0958563983 -0.0318057239 0.22654441 0.0148751922 0.207935095 0.276514322 -0.060393706 -0.0728090107 -0.192541391 -0.11176309 -0.139908701 -0.0675231144 -0.0144140571 0.417459369 0.172168285 -0.0531386286 0.0143068396 -0.217254251 0.0537896566 0.2155305 0.0882848352 0.241806835 -0.0701200515 0.208977699 0.039741803 -0.00547567755 0.0316343307 -0.250076234 -0.0650900826 0.251928568 0.0373424478 -0.0976724848 0.26868695 -0.011259675 -0.00660666451 0.0100066615 0.00843075477 0.159176677 -0.271949828 0.167186305 -0.094559148 -0.022724431 -0.118370675 -0.285844564 -0.0755408257 0.0317437202 -0.0207292028 -0.022644408 0.236520827 -0.0360352993 0.0299524367 0.00162003282 0.0776882693 -0.0485031605
EXPECT layer0.pre_ffn_normalized_state 2 4 16
-0.243529797 1.46180868 -0.492395252 -0.803440392 -0.980592489 -0.644506097 -1.51288998 1.28325403 0.22837919 -1.20591128 0.555415273 -0.184290111 1.31265342 0.0861904845 1.20482659 1.60219121 -0.359016448 -0.432820499 -1.14458168 -0.664386928 -0.831701338 -0.401397943 -0.0856858119 2.48162913 1.02347171 -0.315887928 0.0850484446 -1.29148972 0.319758028 1.28124273 0.524818063 1.43744504 -0.520473242 1.55115819 0.294987559 -0.040643774 0.234809041 -1.85621631 -0.483137757 1.86996543 0.277178109 -0.724983931 1.99435616 -0.0835760832 -0.0490386374 0.0742754638 0.0625781342 1.18150508 -2.05051947 1.26059568 -0.712982178 -0.171343699 -0.892522693 -2.15528679 -0.56958282 0.239349738 -0.156299546 -0.170740321 1.78338253 -0.271708518 0.22584334 0.0122151542 0.58577466 -0.365717024
EXPECT layer0.gate_projection 2 4 32
-0.706924915 -0.317700595 0.232435212 0.243203655 -0.364264131 0.492305458 -0.376246333 0.587050915 0.0384420007 0.103475265 0.564422667 0.420028239 0.182302728 -0.391220331 0.165812552 0.493729621 0.499012083 -0.183400869 0.0141032087 -0.185226157 -0.0693401098 -0.0284347236 -0.17330645 -0.154470891 -0.223917827 0.199142307 0.265247315 0.21114701 0.641309261 -0.048348505 -0.302483648 -0.0748755708 0.454822868 -0.373758465 0.789308965 0.170942649 -0.593955517 0.285828561 -0.395754337 0.121219479 -0.278344899 0.127421737 0.955768824 -0.220943779 -0.113237917 -0.502659559 -0.268004537 0.498350352 0.55791086 -0.398437262 0.0305810533 0.094424583 0.496677428 -0.607375681 -0.11771933 0.0111502735 0.278482854 -0.0465168022 -0.17977795 0.887171328 0.552446723 -0.242108956 -0.0150751164 0.0245850775 -0.338243991 -0.846085966 0.263083786 0.0691398531 -0.115700863 0.313460439 -0.289402992 0.565043271 -0.109217964 -0.228910819 0.369327396 0.332625896 0.19116573 -0.610924244 -0.130167276 0.351785332 0.59911716 -0.441860437 0.624841154 -0.078964062 -0.101315901 0.0307539199 0.00577477552 0.121686831 0.125468269 -0.125335291 -0.156310678 0.3911753 0.704770565 -0.174407199 -0.504324257 -0.0130863693 -0.711882949 -0.773101747 0.0600054413 0.372502983 0.310654223 0.19200246 -0.205281645 0.711844444 0.198924556 -0.130746603 0.489843875 0.34554708 -0.372068107 -0.399749815 0.576844573 0.467980355 0.697465301 -0.172689736 0.763653219 0.307780057 -0.600951791 0.323885441 -0.12553373 -0.258660465 0.29974407 0.0873580202 0.266028434 0.247121543 1.05794978 -0.425834417 -0.288886189 -0.0733087212
EXPECT layer0.up_projection 2 4 32
0.330623239 -0.259194255 -0.199905813 -0.108841829 -0.663054407 0.133405462 0.0891366675 0.00624162564 0.725683391 -0.210813865 -0.489286393 0.379227251 0.249452904 0.176927313 0.607499003 -0.369910717 0.130906925 0.0570105426 -0.215151533 -0.0240587145 -0.617999732 -0.0453529023 0.605633378 0.719108164 -0.268035561 -0.0181679148 0.0502339825 -0.178546518 -0.555119693 0.431958884 -0.277366579 -0.767944336 0.475986272 0.179968119 -0.0168462172 0.189938039 -0.706296623 0.0752007961 0.558763206 -0.256540209 0.33881247 -0.105885625 0.049432639 -0.115938246 0.424842685 -0.178917408 1.54526341 -0.450261921 0.0486478619 0.222580761 0.124704458 0.206156582 -0.466728419 -0.505821943 0.51688987 0.568679988 -0.178766027 -0.462690204 0.427909762 -0.414743692 -0.351674378 0.254006475 -0.311709583 -0.574319422 0.0192418173 -0.320361495 -0.00578717096 -0.137276903 0.24316664 0.153347895 -0.400854319 -0.0963250473 1.2468822 0.208520278 -0.657176793 -0.25729531 -0.238428399 0.354063928 -0.192611799 -0.401351064 -0.47478947 0.121128537 0.0765340924 -0.27799058 -0.533010542 0.0117346374 0.583386362 0.53105706 -0.40877378 -0.433750004 -0.311119825 -0.0130505543 -0.243219987 0.102803797 -0.119361244 -0.625114799 0.606462359 0.148409665 -0.175753608 0.145647645 0.352997571 0.416954219 -0.237809017 -0.740283728 0.940619528 0.204107881 -0.85006851 -0.264406294 -0.0659647584 0.350659758 -0.528945684 -0.202809691 -0.466740847 0.224569842 0.0561886169 -0.289024264 -0.206030458 -0.231347263 0.853142619 0.737190425 -0.165104076 0.0815276802 -0.116191447 -0.238090083 -0.176772162 0.249837562 -0.696152329 -0.247228116
EXPECT layer0.activated_gated_product 2 4 32
-0.077194646 0.0346871912 -0.0259205159 -0.0148369232 0.09900859 0.0407619178 -0.0136507927 0.00235490734 0.0142164296 -0.0114708105 -0.176047936 0.0961276144 0.0248048492 -0.0279239975 0.0545315519 -0.113414064 0.0406464525 -0.00474983081 -0.00152786169 0.0020223835 0.0206835382 0.000635631906 -0.047943864 -0.0512594394 0.0266631693 -0.00198853156 0.00754063763 -0.0208324585 -0.23319982 -0.0101898983 0.0356528573 0.0276742969 0.132445052 -0.027419284 -0.00914403051 0.0176184494 0.149230927 0.0122728329 -0.0889690444 -0.0164900944 -0.0406329557 -0.00717528211 0.0341246799 0.0113987299 -0.0226936825 0.0338977575 -0.179486021 -0.13958551 0.0172609426 -0.0356234796 0.00193595048 0.0101923058 -0.144113392 0.108345009 -0.0286352821 0.00318814418 -0.0283353552 0.010511185 -0.0350161269 -0.260620296 -0.123310976 -0.0270444397 0.00233181985 -0.00714662252 -0.00270904275 0.081385009 -0.000860818895 -0.00490964437 -0.0132544013 0.0277706012 0.0496690162 -0.0347041935 -0.0643762797 -0.0211465172 -0.143515557 -0.0498434305 -0.0249613598 -0.0761070028 0.0117211454 -0.0828853101 -0.183602393 -0.0209430009 0.0311471391 0.0105425175 0.0256345626 0.000183217489 0.00168932637 0.0342748351 -0.0272507221 0.0254808795 0.022419136 -0.00304549956 -0.114718094 -0.00818506815 0.02266559 0.00406347867 -0.142118201 -0.0362345316 -0.00543124601 0.0321219303 0.0632788613 0.0438591056 0.0219123233 -0.353493869 0.102830909 -0.0124721574 -0.258197546 -0.0534975156 0.0100147156 -0.0562628545 -0.195380494 -0.058361277 -0.217335835 -0.0177203361 0.0292699579 -0.0512691438 0.0438458882 -0.0434797034 -0.0501923896 -0.083078824 -0.0284254719 0.00371649233 -0.0174988247 -0.0330351926 -0.138821751 -0.0420367494 0.0861301795 0.00872997567
EXPECT layer0.down_projection 2 4 16
0.0165288914 -0.0267529897 -0.0188042913 -0.0534312837 0.0291323476 0.0140278935 -0.00524690934 0.0631916672 -0.0183940474 0.0240085162 0.00682409015 -0.00307017006 -0.0778631344 -0.00808023382 -0.0157064535 -0.051309675 -0.0568982288 -0.0268044658 0.0286088325 0.0179881137 0.0463075638 0.0644822717 0.0147402426 -0.00880839583 0.00812558364 -0.0406709276 -0.0671783984 -0.04884509 -0.0531544089 0.0205409713 -0.00596568827 -0.011542799 0.00492104795 -0.0193493459 -0.0053146854 -0.0133098718 -0.0163239352 0.00573524088 -0.00129336119 0.0419183075 -0.0105683617 0.0113070756 0.0185430907 -0.0172313992 -0.0520477071 0.00637064315 -0.00519453734 0.0215190277 0.0606591664 -0.135925084 -0.00307876803 0.0222207215 -0.05077108 0.0975356996 -0.0135611165 0.0618940406 0.119962111 0.0831830427 0.0500920564 0.00978847593 -0.133831918 -0.015518426 0.0697213411 0.0595261268
EXPECT layer0.post_ffn_residual 2 4 16
-0.0255007204 0.225533381 -0.103784367 -0.192093119 -0.140103295 -0.0972042531 -0.266349167 0.284662187 0.0210207943 -0.184113786 0.102680489 -0.0348758921 0.148681283 0.00679495838 0.192228645 0.225204647 -0.117291935 -0.0996134728 -0.163932562 -0.0937749743 -0.0936011374 -0.00304084271 0.000326185487 0.408650964 0.180293873 -0.0938095599 -0.0528715588 -0.266099334 0.000635247678 0.236071467 0.0823191479 0.230264038 -0.0651990026 0.189628348 0.0344271176 -0.0187855493 0.0153103955 -0.244340986 -0.0663834438 0.293846875 0.0267740861 -0.0863654092 0.287230045 -0.0284910742 -0.0586543716 0.0163773037 0.00323621742 0.180695713 -0.211290658 0.0312612206 -0.0976379141 -0.00050370954 -0.169141755 -0.188308865 -0.0891019404 0.0936377645 0.0992329121 0.0605386347 0.286612868 -0.0262468234 -0.103879482 -0.0138983931 0.147409618 0.0110229664
EXPECT layer1.pre_attention_normalized_state 2 4 16
-0.154422373 1.36574185 -0.628477454 -1.16324067 -0.848410666 -0.588630855 -1.61290622 1.72380269 0.127293691 -1.11492097 0.621792793 -0.211194739 0.900355637 0.0411476046 1.16406143 1.36375117 -0.687494397 -0.583873928 -0.960873544 -0.549652219 -0.548633277 -0.0178235807 0.0019119021 2.39526486 1.05677366 -0.549854934 -0.309901118 -1.55971336 0.0037234379 1.38370824 0.482505083 1.34966862 -0.460698277 1.33992004 0.243263125 -0.132739305 0.108183749 -1.72652137 -0.469067574 2.07633162 0.189186558 -0.610260785 2.02957678 -0.20131886 -0.414453685 0.115722559 0.0228672177 1.27680171 -1.64094114 0.242783204 -0.758282781 -0.00391194643 -1.31360126 -1.46245825 -0.691990077 0.727216542 0.770669997 0.47015962 2.225914 -0.203840017 -0.806756496 -0.107938729 1.14482343 0.0856073797
EXPECT layer1.q_projection 2 4 16
0.127434865 0.0314929858 -0.490460902 -0.121896923 -0.403861076 0.467139006 -0.0434683971 0.374822646 0.112474605 0.027919855 0.47167021 -0.170506597 0.0426413268 -0.482537001 0.211355105 -0.163947061 0.312580675 -0.0315170437 -0.382868826 -0.242867813 0.268849641 0.438680142 0.0697357506 0.809852183 0.24634859 -0.292773634 0.188225061 -0.0793591514 -0.255820453 -0.0646914244 0.0761083364 -0.126140267 -0.090964742 -0.455744952 -0.705443442 -0.48759076 0.081605956 0.120096356 -0.300264478 0.453122973 0.245176584 -0.116570659 0.582577229 -0.264192611 -0.0485665761 -0.274170876 0.022073973 -0.00599766849 -0.28016451 -0.14813146 -0.505029559 -0.659627616 -0.662864923 0.337379992 -0.272937149 0.331963539 0.670554876 0.0614479855 0.00309361843 -0.00669205561 -0.35028699 -0.418191791 -0.343030721 -0.344334513
EXPECT layer1.k_projection 2 4 8
0.20890376 0.264371872 -0.153404146 -0.28070426 0.618220091 -0.341397762 0.352669865 0.47625342 0.407390445 0.273990273 0.39181149 0.266642362 0.631037056 -0.0198834408 0.489471734 0.497095317 -0.275447875 -0.302789211 -0.1625119 -0.322716027 0.455368012 -0.199607268 0.1486606 -0.247338071 -0.566000879 -0.118532985 -0.236488491 -0.45790118 0.969694018 -0.549797952 0.0980112851 0.0832636207
EXPECT layer1.v_projection 2 4 8
-0.854502976 0.357059568 -0.438123316 0.0138168614 0.0550333895 0.387109518 0.0813726708 -0.0960000381 -0.957712173 0.314363927 -0.0310968086 0.725704372 -0.0945450589 -0.158706278 -0.370647073 0.331788987 -0.303447306 0.257027924 -0.170742944 0.154068723 -0.0312108472 0.128056005 -0.291157424 -0.487067521 -0.144836694 0.132467002 -0.395107865 -0.650737345 0.124801375 0.0119180242 -0.185791895 -0.222999409
EXPECT layer1.q_after_rope 3 4 4 4
0.127434865 0.0314929858 -0.490460902 -0.121896923 0.491061032 -0.0290868301 0.0561626554 -0.243170828 0.679312587 -0.445902646 0.210854068 -0.496607542 0.348630548 -0.128278941 0.460438669 -0.663774073 -0.403861076 0.467139006 -0.0434683971 0.374822646 0.0865794569 0.430559814 0.263907552 0.814198434 0.239069656 0.111010484 0.199158192 0.455434144 0.694748163 0.327270776 0.176662236 0.341934055 0.112474605 0.027919855 0.47167021 -0.170506597 -0.0252832174 -0.291965425 0.308993608 -0.082282871 -0.631765425 -0.111263849 -0.0194992423 -0.266471028 -0.664280832 0.0616210662 0.0915660486 -0.00484588137 0.0426413268 -0.482537001 0.211355105 -0.163947061 -0.202263325 -0.0634268075 -0.17414397 -0.126780868 0.000139020383 -0.273996085 -0.0533474758 -0.0114795212 0.395190001 -0.407675147 0.290165365 -0.356723428
EXPECT layer1.k_after_rope 3 2 4 4
0.20890376 0.264371872 -0.153404146 -0.28070426 -0.109584019 0.27131018 0.554503858 0.269368887 0.262398422 -0.296274751 -0.182835236 -0.32870689 0.593709886 -0.10474468 0.154247791 -0.461250603 0.618220091 -0.341397762 0.352669865 0.47625342 -0.070925504 -0.0248533152 0.795462012 0.49687162 -0.324676663 -0.194620922 0.3522003 -0.251280487 -0.973821163 -0.552048147 0.0398127809 0.0667346939
EXPECT layer1.attention_probabilities 3 4 4 4
1 0 0 0 0.531284392 0.468715608 0 0 0.332624555 0.280153722 0.387221754 0 0.236343414 0.219145417 0.249566719 0.294944406 1 0 0 0 0.424322963 0.575677037 0 0 0.31914261 0.373794705 0.307062715 0 0.247541845 0.259473681 0.227605566 0.265378892 1 0 0 0 0.492484659 0.507515311 0 0 0.271378249 0.329154909 0.399466842 0 0.187428206 0.242806345 0.257967472 0.311797976 1 0 0 0 0.495051682 0.504948378 0 0 0.341261715 0.322888345 0.335849941 0 0.280124217 0.243496299 0.256903082 0.219476357
EXPECT layer1.attention_output_before_projection 2 4 16
-0.854502976 0.357059568 -0.438123316 0.0138168614 -0.854502976 0.357059568 -0.438123316 0.0138168614 0.0550333895 0.387109518 0.0813726708 -0.0960000381 0.0550333895 0.387109518 0.0813726708 -0.0960000381 -0.902878702 0.337047458 -0.24734363 0.347489655 -0.913918138 0.332480669 -0.203807503 0.423634142 -0.0208799653 0.110099636 -0.148034275 0.121109448 -0.0204960015 0.11150074 -0.146873966 0.12001133 -0.670036674 0.306363791 -0.220557839 0.267563373 -0.723873436 0.310384184 -0.203876451 0.322982788 -0.028652804 0.103968285 -0.216225266 -0.111409672 -0.0222288705 0.12386886 -0.189693436 -0.0892119333 -0.530283511 0.256496102 -0.269508898 0.00881939847 -0.567529261 0.263611287 -0.260237992 0.0540963858 0.0182201006 0.0707706511 -0.207782596 -0.132610992 0.0117676016 0.105308071 -0.1830329 -0.120174788
EXPECT layer1.attention_output_after_projection 2 4 16
0.140455797 -0.141899228 0.151447833 -0.0323667973 0.221010923 -0.0119224535 0.373735428 0.0404307097 -0.00276590046 -0.000927572779 0.0298382882 0.170320958 -0.185189918 -0.221464932 -0.102087483 0.0560150966 0.095274888 -0.181146652 0.0857338905 0.0249663182 0.101213962 0.0985592231 0.370259881 0.155658484 -0.0567084365 -0.0266455002 0.113541082 0.16133967 -0.00336021371 0.00320904143 -0.234683707 -0.016429821 0.0905480608 -0.155216113 0.0616908893 0.0244160127 0.127511352 0.0902422294 0.324505955 0.140995517 -0.029554693 -0.030888591 0.0649596229 0.100999825 0.00781065878 -0.0453972034 -0.155599385 0.0264646374 0.0501132384 -0.114246592 0.120592073 -0.000544823124 0.137521118 0.0843096375 0.282124609 0.0900364891 0.0436104015 -0.0236592218 0.0386964567 0.0571481772 -0.0199265461 -0.107906342 -0.0761733726 0.0389448106
EXPECT layer1.post_attention_residual 2 4 16
0.114955075 0.083634153 0.0476634651 -0.224459916 0.0809076279 -0.109126709 0.107386261 0.325092912 0.0182548948 -0.185041353 0.132518783 0.135445058 -0.0365086347 -0.214669973 0.0901411623 0.281219751 -0.0220170468 -0.280760109 -0.0781986713 -0.0688086599 0.00761282444 0.0955183804 0.370586067 0.564309478 0.123585433 -0.120455056 0.0606695227 -0.104759663 -0.00272496603 0.239280507 -0.152364552 0.213834211 0.0253490582 0.034412235 0.0961180031 0.00563046336 0.142821744 -0.154098749 0.258122504 0.434842408 -0.00278060697 -0.117254004 0.35218966 0.0725087523 -0.0508437119 -0.0290198997 -0.152363166 0.207160354 -0.161177427 -0.0829853714 0.0229541585 -0.00104853266 -0.0316206366 -0.103999227 0.193022668 0.183674246 0.142843306 0.0368794128 0.325309336 0.0309013538 -0.12380603 -0.121804737 0.0712362453 0.049967777
EXPECT layer1.pre_ffn_normalized_state 2 4 16
0.714812517 0.520053089 0.29638049 -1.39573443 0.503099024 -0.678570628 0.667748213 2.02148962 0.113512404 -1.15062237 0.824027002 0.842223108 -0.227017641 -1.33485878 0.560514867 1.74867785 -0.103365116 -1.31810594 -0.367125273 -0.32304129 0.0357405096 0.448437452 1.73981881 2.64930701 0.580205977 -0.565509558 0.284829855 -0.491823196 -0.012793107 1.1233685 -0.715317547 1.00390387 0.140110299 0.190204635 0.531267166 0.031120915 0.789409876 -0.851740599 1.42670476 2.40347791 -0.0153690791 -0.648090899 1.94663632 0.400773197 -0.28102535 -0.160399914 -0.842147589 1.14502478 -1.21267581 -0.624369979 0.172703788 -0.00788900908 -0.237909123 -0.782475233 1.4522748 1.38193858 1.07473254 0.277475387 2.44758058 0.232497334 -0.931498766 -0.916441321 0.535971284 0.375950366
EXPECT layer1.gate_projection 2 4 32
-0.423179686 0.0323443338 -0.308162451 -0.401420593 0.456436872 -0.0745880902 -0.492192566 0.657741904 -0.506851435 -0.472404927 -0.525925875 -0.102295779 0.460475504 -0.00476517761 0.0124650532 -0.126652092 1.0985465 0.0588288382 -0.817905784 -0.799349785 0.112551518 -0.121190429 0.0302940961 -0.221187264 0.682461262 -0.0598658212 -0.715453088 -0.60552609 -0.9009552 0.129122302 -0.254302919 -0.131560534 -0.715671659 -0.0406256802 -0.0973419473 -0.346920729 0.466904968 -0.134629935 0.170024678 0.488148779 0.343729198 -0.447042257 0.132110581 0.272601366 0.0725549459 0.279542148 0.0868802592 -0.716459036 0.567731261 0.749754727 -0.802148163 -0.0851866528 0.160334259 -0.13347964 0.428398639 -0.40361464 0.247092769 -0.719983816 -0.329016745 -0.449247003 0.265806913 0.529016793 0.230909064 0.259288669 -0.550781846 0.153098434 -0.480066001 -0.40963006 1.12981927 -0.24944891 -0.416506916 0.8810094 0.0506209768 -0.682246268 -0.185490415 -0.240118593 0.29841277 0.0780982226 0.0646714494 -0.340984166 0.671067894 0.335300684 -0.61094451 -0.574663877 -0.0478732958 0.118442297 -0.088421151 -0.278676599 0.820206702 -0.0326714143 -0.438789666 -0.287259609 -0.452113897 -0.0759376884 -0.0654482096 -0.190467507 -0.144501746 -0.0246586297 -0.287800312 -0.416308165 0.169109985 -0.367742628 -0.309141815 0.542100132 -0.042059686 -0.88364929 0.413822055 -0.338883579 0.38171041 -0.372604251 0.153266445 0.221810177 0.535109401 0.188393936 0.0938740745 -0.226093367 -0.483321428 0.313882202 0.121515669 -0.304279 0.529904246 0.355793893 -0.56592536 0.209181949 0.0222737622 -0.0849274918 -0.243953124 -0.620190859
EXPECT layer1.up_projection 2 4 32
0.162730187 -0.00287636905 -0.519488275 -0.282271266 -0.166620731 -0.310239166 0.114681326 0.208677292 0.379383594 -0.392736554 -0.409144282 -0.393158346 0.289295465 0.124553554 0.360485345 -0.00630456954 0.750324607 0.0563713722 -0.0968186632 0.205889657 -0.0531306416 -0.0246612448 0.208728567 -0.128917783 -0.122735955 -0.181533381 -0.589000046 -0.184023306 0.186608329 -0.346502572 0.117578298 0.696887672 -0.123532847 -0.467213362 -0.343475968 -0.323802203 0.0518260039 0.281490654 0.946380258 0.517383456 -0.561355948 0.294871837 -0.363469124 -0.525878847 0.538987577 -0.266690761 0.102633566 0.185388848 0.600336969 -0.270495087 0.113026522 -0.28673467 -0.203163236 0.260903478 0.887537479 0.136794403 -0.59493506 -0.116805919 -0.584104061 -0.416470289 -0.522952318 -0.963202715 0.295694441 -0.229418755 -0.225537658 -0.29981938 -0.451697141 -0.447613746 -0.197995141 -0.404268771 0.171319425 0.355493486 -0.173109904 -0.0852485374 -0.675617635 -0.572447658 0.225039572 0.140917033 0.412214279 -0.282902181 0.729275823 -0.321959347 0.220364004 0.280607522 0.0547745824 0.422100246 0.475358069 0.342827737 -0.238924786 -0.27161172 -0.464966595 -0.425922543 -0.0294548031 -0.689019859 0.135314003 0.298104763 -0.415033042 -0.71245718 -0.267500818 -0.0787214488 -0.616198242 -0.400247455 0.173541546 0.135255814 0.0532149225 -0.67045188 0.0803149566 -0.908367574 0.132970631 0.460164249 0.444212765 -0.187532634 -0.156539291 -0.786763191 -0.315017819 0.535964191 0.338372946 -0.108972289 0.608900845 0.375452995 -0.176458031 0.0514310077 0.0363024473 0.0169995334 -0.14396973 0.1714634 0.349164963 -0.0989761874
EXPECT layer1.activated_gated_product 2 4 32
-0.0272533931 -4.72693391e-05 0.0678068921 0.0454338305 -0.0465565473 0.0111387791 -0.0214140583 0.0904176608 -0.0722883642 0.0712525398 0.0799322426 0.0190815721 0.0816767737 -0.000296052865 0.00226073712 0.00037399467 0.618189692 0.00170689006 0.0242481958 -0.0510462299 -0.00315805222 0.00140391337 0.00320950709 0.0126870954 -0.0556424297 0.00527122058 0.138386309 0.0393440798 -0.0485638343 -0.0238128752 -0.0130594857 -0.0428303368 0.0290287975 0.00929767825 0.0159043036 0.0465206839 0.0148732122 -0.0176749378 0.0872771516 0.15650396 -0.112896889 -0.051418338 -0.0255926829 -0.0813873112 0.0202621333 -0.0424520485 0.00465196744 -0.0435891189 0.217531219 -0.137729988 -0.0280665159 0.011693106 -0.0175899081 -0.0162522569 0.230219752 -0.0221094135 -0.0825370625 0.0275335163 0.0804234669 0.0728821307 -0.0786852464 -0.320636511 0.0380633809 -0.0335773714 0.0454258993 -0.0247043911 0.0828858763 0.0731592178 -0.169072732 0.0441657268 -0.0283534061 0.221437335 -0.00449237041 0.0195279755 0.0568654574 0.0605156869 0.0385504477 0.00571745075 0.0137601076 0.0400880687 0.32385245 -0.0629419535 -0.0473687835 -0.0580778308 -0.00127974187 0.0264758989 -0.0200873353 -0.041155722 -0.136056513 0.00436449517 0.0799828395 0.0524485223 0.00517839706 0.0251684524 -0.00428317813 -0.02569413 0.0278237108 0.00867581181 0.0329921246 0.0130237602 -0.0564977117 0.0602126643 -0.0227108989 0.0463616811 -0.00109557039 0.173243821 0.020008266 0.128082484 0.0301637203 -0.0699402317 0.0366450697 -0.0230955537 -0.0528288223 -0.0810711384 -0.0154795051 -0.0537686199 -0.0623864047 -0.0197644532 0.0392404981 -0.0484972745 -0.0588582717 0.0107601173 -0.00744074816 0.00196328503 -0.00162122957 -0.0069719865 -0.0374205746 0.0214683637
EXPECT layer1.down_projection 2 4 16
-0.014344614 0.0971421599 -0.0455787107 0.00872521475 -0.0502149165 -0.16395478 0.0210463982 -0.011126779 0.0878559798 0.0465506651 0.0520390719 0.0222567692 -0.0767220557 -0.0546176359 -0.163221389 0.000548288226 -0.0541764535 -0.000478547066 0.0210958123 -0.0710251182 -0.067746304 -0.112367198 -0.0365319215 0.0573003702 0.0445007794 0.0413095988 -0.0189429 -0.0265607927 -0.0380065702 0.0520207509 -0.107159205 0.0566319264 -0.027640149 0.0190275181 -0.0285349824 -0.0102058537 -0.0241848938 -0.0207825899 0.0144236814 0.0343843997 0.106591977 0.0602043308 0.0757940114 0.007125278 -0.0696016103 -0.0570160002 -0.117855363 -0.0426134467 -0.0756368116 -0.0452362634 0.016187964 0.0022338219 0.022904532 0.0257677548 0.0303848218 0.0586129054 0.0131951384 0.0449363999 -0.0194460787 -0.0390610695 -0.00238917721 -0.000906737521 -0.0122198435 -0.0704636648
EXPECT layer1.post_ffn_residual 2 4 16
0.100610465 0.180776313 0.00208475441 -0.215734705 0.0306927115 -0.273081481 0.128432661 0.313966125 0.106110871 -0.138490692 0.184557855 0.15770182 -0.11323069 -0.269287616 -0.0730802268 0.281768024 -0.0761934966 -0.281238645 -0.057102859 -0.139833778 -0.0601334795 -0.0168488175 0.334054142 0.621609867 0.168086216 -0.0791454613 0.0417266227 -0.131320462 -0.0407315344 0.29130125 -0.259523749 0.270466149 -0.00229109079 0.0534397513 0.0675830245 -0.00457539037 0.118636847 -0.174881339 0.272546172 0.469226807 0.103811368 -0.0570496731 0.427983671 0.0796340331 -0.120445326 -0.0860358998 -0.270218521 0.164546907 -0.236814231 -0.128221631 0.0391421244 0.00118528923 -0.00871610455 -0.0782314688 0.223407492 0.242287159 0.156038448 0.081815809 0.305863261 -0.00815971568 -0.126195207 -0.122711472 0.0590164028 -0.0204958878
EXPECT final_normalized_state 2 4 16
0.547889888 0.984445393 0.0113528529 -1.17481673 0.167141914 -1.48710752 0.699399948 1.70975113 0.577843189 -0.754172504 1.00503838 0.858789682 -0.616615236 -1.46644747 -0.397969693 1.53441143 -0.323007375 -1.19225597 -0.242076352 -0.592797816 -0.254924089 -0.0714272559 1.41615689 2.63519287 0.712568521 -0.335521638 0.176891819 -0.556707323 -0.172673345 1.23491442 -1.10019994 1.14658809 -0.0111771422 0.26070714 0.329705417 -0.0223211534 0.578772724 -0.853162885 1.3296231 2.2891345 0.506446302 -0.278318226 2.08792877 0.388496578 -0.587595463 -0.41972822 -1.31826758 0.802746058 -1.60443163 -0.868709803 0.265190423 0.00803041086 -0.0590521693 -0.530023217 1.51360011 1.64151108 1.05717051 0.554307401 2.07224321 -0.0552826002 -0.854980648 -0.831378162 0.399839938 -0.138860956
EXPECT logits 2 4 32
-0.0987592638 -0.494030535 -0.319782823 -0.52769047 -0.128561765 -0.00372809428 0.255010366 0.308254063 -0.318230659 0.414329618 -0.218831956 -0.359167159 -0.188184336 -0.301062942 -0.710513473 -0.537542701 0.0111752925 -0.464841276 0.43731001 -0.314810842 0.295705855 -0.270413041 0.301999003 -0.695230067 0.717348456 -0.13220264 0.951710701 -0.364664525 0.205570474 0.0832713991 0.487838715 -0.441939622 -0.750115216 -0.84030354 -0.268408448 -1.12172365 0.369890869 0.731083453 0.41957894 -0.0760180205 -0.339877218 -0.376299977 0.202761903 -0.325359195 -0.819129527 -0.210358337 -0.22359018 0.0684736297 -0.460745543 -0.340557069 0.0868347362 -0.0523147136 0.186496988 -0.276847869 0.109071977 -0.443154931 0.279392511 -0.459163606 0.619348884 -0.446170539 0.00712450361 0.516623139 0.282774568 -0.0564700179 -0.229533583 -0.882348359 -0.489649206 -0.677855492 0.0898802355 -0.158045843 0.37976566 0.239472017 -0.294177383 0.460446328 0.156100944 -0.186722398 -0.382260025 -0.04715994 -0.631951213 -0.0850296095 0.0618907437 -0.468482882 0.246969238 -0.348159343 0.240125865 -0.506140649 0.0880066156 -0.341254115 0.457392335 -0.488008082 0.743495703 -0.391676962 -0.0471702404 0.22346577 -0.135951847 -0.0672655031 -0.297610253 -0.756146967 -0.331874222 -0.0440610349 0.507717133 0.0687379986 0.00769331306 0.641006231 -0.278221279 0.134718359 0.44734028 0.610719919 -0.176835313 0.654892921 -0.912334263 0.709505916 0.141116247 -0.30706957 -0.0690234154 -0.354215562 0.788137615 -0.657262027 -0.0280098319 -0.350898087 0.605207682 -0.594904065 0.0854460374 0.497250289 -0.0708027631 -0.426073492 -0.119057633 0.255141199
EXPECT_INT selected_token 1 4
26 5 26 20
